"","ID","Description","GeneRatio","BgRatio","pvalue","p.adjust","qvalue","geneID","Count"
"GO:0045121","GO:0045121","membrane raft","15/236","360/21298",1.28057511250953e-05,0.00240604216640302,0.0020560971540852,"Pecam1/Cd28/Cdh1/Adrb2/Ptk2b/P2rx3/Rftn1/Itpr1/Thy1/Tnfrsf1b/Tgfbr1/Atp1b3/Igf1r/Ctsd/Nf2",15
"GO:0098857","GO:0098857","membrane microdomain","15/236","361/21298",1.32310163036374e-05,0.00240604216640302,0.0020560971540852,"Pecam1/Cd28/Cdh1/Adrb2/Ptk2b/P2rx3/Rftn1/Itpr1/Thy1/Tnfrsf1b/Tgfbr1/Atp1b3/Igf1r/Ctsd/Nf2",15
"GO:0098589","GO:0098589","membrane region","15/236","373/21298",1.94035658580888e-05,0.00240604216640302,0.0020560971540852,"Pecam1/Cd28/Cdh1/Adrb2/Ptk2b/P2rx3/Rftn1/Itpr1/Thy1/Tnfrsf1b/Tgfbr1/Atp1b3/Igf1r/Ctsd/Nf2",15
"GO:0009897","GO:0009897","external side of plasma membrane","14/236","399/21298",0.000156673064526426,0.0145705950009576,0.0124513856544686,"Sell/S1pr1/Pecam1/Cd28/Klrk1/Cd226/Cxcr6/Btla/Itgb3/Thy1/Rorc/Klra1/Ccr2/Il12rb1",14
"GO:0098802","GO:0098802","plasma membrane receptor complex","8/236","182/21298",0.000989202822213963,0.0625795457299634,0.0534777102729172,"Chrne/Itga9/Ptk2b/Itgb3/Tgfbr1/Cd247/Igf1r/Il12rb1",8
"GO:0043296","GO:0043296","apical junction complex","7/236","141/21298",0.0010093475117736,0.0625795457299634,0.0534777102729172,"Cdh1/Cldn18/Ank3/Nectin1/Lim2/Tgfbr1/Lin7b",7
"GO:0005912","GO:0005912","adherens junction","10/236","284/21298",0.00132002274875194,0.0701497803622462,0.0599468977628702,"Cdh1/Ptk2b/Anxa6/Itgb3/Cass4/Nectin1/Bcar1/Lin7b/Xirp1/Nf2",10
"GO:0043235","GO:0043235","receptor complex","12/236","398/21298",0.00170013950320282,0.0790564868989313,0.0675581749956911,"Chrne/Itga9/Adrb2/Ptk2b/P2rx3/Itpr2/Plxnc1/Itgb3/Tgfbr1/Cd247/Igf1r/Il12rb1",12
"GO:0070161","GO:0070161","anchoring junction","10/236","299/21298",0.00192981761877912,0.0797657949095368,0.0681643182305606,"Cdh1/Ptk2b/Anxa6/Itgb3/Cass4/Nectin1/Bcar1/Lin7b/Xirp1/Nf2",10
"GO:0044291","GO:0044291","cell-cell contact zone","5/236","82/21298",0.00218522287828094,0.0812902910720511,0.0694670851832468,"Pecam1/Anxa6/Ank3/Nectin1/Xirp1",5
"GO:0005901","GO:0005901","caveola","5/236","93/21298",0.00377409099524703,0.127632895475627,0.109069423977474,"Cdh1/Adrb2/Tgfbr1/Atp1b3/Igf1r",5
"GO:0031965","GO:0031965","nuclear membrane","8/236","241/21298",0.00559275493038803,0.14155509116917,0.120966716279256,"Nup107/P2rx3/Spast/Itpr1/Sun1/Mindy3/Dusp2/Myo6",8
"GO:0005925","GO:0005925","focal adhesion","6/236","148/21298",0.00620772164196466,0.14155509116917,0.120966716279256,"Ptk2b/Anxa6/Itgb3/Cass4/Bcar1/Xirp1",6
"GO:0001931","GO:0001931","uropod","2/236","11/21298",0.0062957950321567,0.14155509116917,0.120966716279256,"Scimp/Pip5k1b",2
"GO:0031254","GO:0031254","cell trailing edge","2/236","11/21298",0.0062957950321567,0.14155509116917,0.120966716279256,"Scimp/Pip5k1b",2
"GO:0015629","GO:0015629","actin cytoskeleton","12/236","470/21298",0.00642423987447639,0.14155509116917,0.120966716279256,"Sept9/Cdh1/Dyrk1a/Asap1/Tpm4/Myo1b/Bcar1/Rara/Xirp1/Myo6/Nf2/Clic5",12
"GO:0005938","GO:0005938","cell cortex","9/236","300/21298",0.0064689154566556,0.14155509116917,0.120966716279256,"Sept9/Cdh1/Exoc2/Ptk2b/Tpm4/Itpr2/Fryl/Stim1/Nf2",9
"GO:0005924","GO:0005924","cell-substrate adherens junction","6/236","154/21298",0.0074928839176268,0.150860448933192,0.12891866320833,"Ptk2b/Anxa6/Itgb3/Cass4/Bcar1/Xirp1",6
"GO:0016529","GO:0016529","sarcoplasmic reticulum","4/236","71/21298",0.00799829271905141,0.150860448933192,0.12891866320833,"Itpr2/Ank3/Itpr1/Stim1",4
"GO:0098791","GO:0098791","Golgi subcompartment","11/236","426/21298",0.00822137133599441,0.150860448933192,0.12891866320833,"Vrk1/Hid1/Cdh1/Stk24/B4galnt3/Arl5a/Gabarapl2/Man2a1/M6pr/Myo1b/Dop1b",11
"GO:0098636","GO:0098636","protein complex involved in cell adhesion","3/236","38/21298",0.00851631566558341,0.150860448933192,0.12891866320833,"Itga9/Cd28/Itgb3",3
"GO:0030055","GO:0030055","cell-substrate junction","6/236","161/21298",0.00922307280468312,0.153366169227403,0.131059940879105,"Ptk2b/Anxa6/Itgb3/Cass4/Bcar1/Xirp1",6
"GO:0044853","GO:0044853","plasma membrane raft","5/236","117/21298",0.0098373974578542,0.153366169227403,0.131059940879105,"Cdh1/Adrb2/Tgfbr1/Atp1b3/Igf1r",5
"GO:0005637","GO:0005637","nuclear inner membrane","3/236","42/21298",0.0112207738729472,0.153366169227403,0.131059940879105,"P2rx3/Itpr1/Sun1",3
"GO:0005923","GO:0005923","bicellular tight junction","5/236","121/21298",0.0112671333332018,0.153366169227403,0.131059940879105,"Cldn18/Ank3/Lim2/Tgfbr1/Lin7b",5
"GO:0005639","GO:0005639","integral component of nuclear inner membrane","2/236","15/21298",0.0116741526634254,0.153366169227403,0.131059940879105,"P2rx3/Sun1",2
"GO:0031229","GO:0031229","intrinsic component of nuclear inner membrane","2/236","15/21298",0.0116741526634254,0.153366169227403,0.131059940879105,"P2rx3/Sun1",2
"GO:0016528","GO:0016528","sarcoplasm","4/236","80/21298",0.0120568347092435,0.153366169227403,0.131059940879105,"Itpr2/Ank3/Itpr1/Stim1",4
"GO:0030667","GO:0030667","secretory granule membrane","4/236","82/21298",0.0131084535658658,0.153366169227403,0.131059940879105,"Itpr2/Rab27a/Itpr1/Sun1",4
"GO:0044453","GO:0044453","nuclear membrane part","2/236","16/21298",0.0132452939032703,0.153366169227403,0.131059940879105,"P2rx3/Sun1",2
"GO:0070160","GO:0070160","tight junction","5/236","128/21298",0.0140986029978222,0.153366169227403,0.131059940879105,"Cldn18/Ank3/Lim2/Tgfbr1/Lin7b",5
"GO:0005795","GO:0005795","Golgi stack","4/236","84/21298",0.0142168146843824,0.153366169227403,0.131059940879105,"Vrk1/Hid1/B4galnt3/Man2a1",4
"GO:0017053","GO:0017053","transcriptional repressor complex","4/236","84/21298",0.0142168146843824,0.153366169227403,0.131059940879105,"Hdac5/Tbl1xr1/Rbpj/Smarca5",4
"GO:0005891","GO:0005891","voltage-gated calcium channel complex","3/236","46/21298",0.0143664819052724,0.153366169227403,0.131059940879105,"Pde4d/Ppm1a/Pde4b",3
"GO:0044304","GO:0044304","main axon","4/236","85/21298",0.0147925727250788,0.153366169227403,0.131059940879105,"Cdh1/Ank3/Thy1/Tnfrsf1b",4
"GO:0033268","GO:0033268","node of Ranvier","2/236","17/21298",0.0149027512007049,0.153366169227403,0.131059940879105,"Cdh1/Ank3",2
"GO:0005911","GO:0005911","cell-cell junction","11/236","466/21298",0.0152541619930481,0.153366169227403,0.131059940879105,"Pecam1/Cdh1/Cldn18/Anxa6/Ank3/Nectin1/Lim2/Tgfbr1/Lin7b/Xirp1/Gja10",11
"GO:0030176","GO:0030176","integral component of endoplasmic reticulum membrane","5/236","134/21298",0.0168772947122278,0.165219832446019,0.141189556872376,"Insig2/Itpr1/Srebf2/Stim1/Abcb9",5
"GO:0045177","GO:0045177","apical part of cell","10/236","415/21298",0.0178018534021345,0.169802293989591,0.145105525707007,"Cdh1/Adrb2/Anxa6/Rab27a/Itgb3/Thy1/Myo1b/Tgfbr1/Myo6/Nf2",10
"GO:0044431","GO:0044431","Golgi apparatus part","11/236","481/21298",0.018818247098452,0.175009698015604,0.149555542729803,"Vrk1/Hid1/Cdh1/Stk24/B4galnt3/Arl5a/Gabarapl2/Man2a1/M6pr/Myo1b/Dop1b",11
"GO:0031227","GO:0031227","intrinsic component of endoplasmic reticulum membrane","5/236","142/21298",0.0211162254911252,0.191081817879212,0.163290065080708,"Insig2/Itpr1/Srebf2/Stim1/Abcb9",5
"GO:0044448","GO:0044448","cell cortex part","6/236","195/21298",0.0218000509879896,0.191081817879212,0.163290065080708,"Sept9/Cdh1/Exoc2/Tpm4/Stim1/Nf2",6
"GO:0097038","GO:0097038","perinuclear endoplasmic reticulum","2/236","21/21298",0.0223544885819703,0.191081817879212,0.163290065080708,"Trim13/Osbp2",2
"GO:0001726","GO:0001726","ruffle","5/236","145/21298",0.0228693519293135,0.191081817879212,0.163290065080708,"Pecam1/Itgb3/Bcar1/Myo6/Nf2",5
"GO:0010008","GO:0010008","endosome membrane","6/236","199/21298",0.0237953267313424,0.191081817879212,0.163290065080708,"Dnajc13/Anxa6/Rab27a/Snx20/Vps37c/Myo1b",6
"GO:0005797","GO:0005797","Golgi medial cisterna","2/236","22/21298",0.0244128907832917,0.191081817879212,0.163290065080708,"Hid1/Man2a1",2
"GO:0071782","GO:0071782","endoplasmic reticulum tubular network","2/236","22/21298",0.0244128907832917,0.191081817879212,0.163290065080708,"Spast/Stim1",2
"GO:0012506","GO:0012506","vesicle membrane","8/236","315/21298",0.0246557184360274,0.191081817879212,0.163290065080708,"Atp13a2/Itpr2/Rab27a/Itpr1/Sun1/Znrf2/Myo6/Ap2a2",8
"GO:0031252","GO:0031252","cell leading edge","9/236","378/21298",0.0255830770012967,0.194222543764946,0.165973990427317,"Pecam1/Cdh1/Ptk2b/Scimp/Itgb3/Thy1/Bcar1/Myo6/Nf2",9
"GO:0033017","GO:0033017","sarcoplasmic reticulum membrane","2/236","24/21298",0.0287507171459957,0.211144202036957,0.180434490705039,"Itpr2/Stim1",2
"GO:0031985","GO:0031985","Golgi cisterna","3/236","60/21298",0.0289471889889376,0.211144202036957,0.180434490705039,"Hid1/B4galnt3/Man2a1",3
"GO:0000118","GO:0000118","histone deacetylase complex","3/236","61/21298",0.030202392070645,0.216063266351538,0.18463810537115,"Hdac5/Hdac7/Tbl1xr1",3
"GO:0014704","GO:0014704","intercalated disc","3/236","62/21298",0.0314859062262395,0.220995417286058,0.188852903283502,"Anxa6/Ank3/Xirp1",3
"GO:0099568","GO:0099568","cytoplasmic region","10/236","460/21298",0.033011190907976,0.222466312070072,0.190109864870293,"Sept9/Cdh1/Exoc2/Ptk2b/Atg7/Tpm4/Itpr2/Fryl/Stim1/Nf2",10
"GO:0002102","GO:0002102","podosome","2/236","26/21298",0.0333708370305241,0.222466312070072,0.190109864870293,"Asap1/Tpm4",2
"GO:0000790","GO:0000790","nuclear chromatin","9/236","397/21298",0.0334895523546344,0.222466312070072,0.190109864870293,"Hdac5/Gata3/Cited2/Runx3/Mef2a/Trps1/Rara/Ss18/Smarca5",9
"GO:0034704","GO:0034704","calcium channel complex","3/236","64/21298",0.0341375411299988,0.222792373690518,0.190388502701009,"Pde4d/Ppm1a/Pde4b",3
"GO:0097440","GO:0097440","apical dendrite","2/236","27/21298",0.0357822255763244,0.22949979162746,0.196120365227767,"Ptk2b/Osbp2",2
"GO:0030027","GO:0030027","lamellipodium","5/236","165/21298",0.0369630435695167,0.233055122167122,0.199158593362962,"Cdh1/Ptk2b/Itgb3/Bcar1/Nf2",5
"GO:0044440","GO:0044440","endosomal part","6/236","223/21298",0.0383489435682174,0.237763450122948,0.203182122063187,"Dnajc13/Anxa6/Rab27a/Snx20/Vps37c/Myo1b",6
"GO:0005884","GO:0005884","actin filament","4/236","115/21298",0.0392000097104542,0.23905579692277,0.204286504444472,"Dyrk1a/Tpm4/Myo1b/Myo6",4
"GO:0000139","GO:0000139","Golgi membrane","6/236","226/21298",0.040493048947623,0.239797086296487,0.204919977536896,"Hid1/Stk24/B4galnt3/Gabarapl2/Man2a1/Myo1b",6
"GO:0045334","GO:0045334","clathrin-coated endocytic vesicle","2/236","29/21298",0.0407988690407279,0.239797086296487,0.204919977536896,"Myo6/Ap2a2",2
"GO:0005776","GO:0005776","autophagosome","3/236","69/21298",0.0412554126961698,0.239797086296487,0.204919977536896,"Atp13a2/Gabarapl2/Pip4k2a",3
"GO:0016323","GO:0016323","basolateral plasma membrane","6/236","228/21298",0.0419638498692962,0.240162340790434,0.205232107862793,"Itga9/Cdh1/Nod1/Ank3/Tgfbr1/Lin7b",6
"GO:0042470","GO:0042470","melanosome","2/236","31/21298",0.0460626330179993,0.251989698274937,0.215339244139873,"Rab27a/Itgb3",2
"GO:0048770","GO:0048770","pigment granule","2/236","31/21298",0.0460626330179993,0.251989698274937,0.215339244139873,"Rab27a/Itgb3",2
"GO:0090568","GO:0090568","nuclear transcriptional repressor complex","2/236","31/21298",0.0460626330179993,0.251989698274937,0.215339244139873,"Hdac5/Smarca5",2
"GO:0005758","GO:0005758","mitochondrial intermembrane space","3/236","74/21298",0.0490586963241623,0.264490362791136,0.226021758808497,"Ak2/Prelid3b/Timm8a2",3
"GO:0098827","GO:0098827","endoplasmic reticulum subcompartment","10/236","495/21298",0.0499030866585644,0.265199260528371,0.226627551441901,"Insig2/Ptpn1/Ostc/Itpr2/Spast/Itpr1/Srebf2/Stim1/Trim13/Abcb9",10
"GO:0008305","GO:0008305","integrin complex","2/236","33/21298",0.0515602883660026,0.27014686298807,0.230855553543852,"Itga9/Itgb3",2
"GO:0001725","GO:0001725","stress fiber","3/236","78/21298",0.0557815729142325,0.283555844222371,0.242314275481483,"Sept9/Tpm4/Xirp1",3
"GO:0097517","GO:0097517","contractile actin filament bundle","3/236","78/21298",0.0557815729142325,0.283555844222371,0.242314275481483,"Sept9/Tpm4/Xirp1",3
"GO:0032809","GO:0032809","neuronal cell body membrane","2/236","35/21298",0.0572790646949989,0.283555844222371,0.242314275481483,"Adrb2/Thy1",2
"GO:0001650","GO:0001650","fibrillar center","4/236","131/21298",0.0581136562126743,0.283555844222371,0.242314275481483,"Pak6/Kdm4a/Mllt1/Smarca5",4
"GO:0016607","GO:0016607","nuclear speck","7/236","311/21298",0.058777160456387,0.283555844222371,0.242314275481483,"Bmp2k/Hdac5/Dyrk1a/Tfip11/Nostrin/Poli/Maml3",7
"GO:1902495","GO:1902495","transmembrane transporter complex","7/236","311/21298",0.058777160456387,0.283555844222371,0.242314275481483,"Chrne/Ptk2b/Pde4d/Ppm1a/Pde4b/Atp1b3/Clic5",7
"GO:0001772","GO:0001772","immunological synapse","2/236","36/21298",0.0602175045526003,0.283555844222371,0.242314275481483,"Cd28/Scimp",2
"GO:0044298","GO:0044298","cell body membrane","2/236","36/21298",0.0602175045526003,0.283555844222371,0.242314275481483,"Adrb2/Thy1",2
"GO:0005769","GO:0005769","early endosome","6/236","253/21298",0.0631979036123275,0.293870251797323,0.25112851172267,"Ptpn1/Dnajc13/Snx20/Snx13/Myo1b/Nf2",6
"GO:0043197","GO:0043197","dendritic spine","5/236","194/21298",0.0652208846176886,0.299532951577533,0.255967604347524,"Asap1/Adrb2/Ptk2b/P2rx3/Pde4b",5
"GO:1990351","GO:1990351","transporter complex","7/236","322/21298",0.0680725366685971,0.307829146084526,0.263057165018469,"Chrne/Ptk2b/Pde4d/Ppm1a/Pde4b/Atp1b3/Clic5",7
"GO:0044309","GO:0044309","neuron spine","5/236","197/21298",0.0686823094758486,0.307829146084526,0.263057165018469,"Asap1/Adrb2/Ptk2b/P2rx3/Pde4b",5
"GO:0031970","GO:0031970","organelle envelope lumen","3/236","87/21298",0.0724012034460744,0.316861737434584,0.270776017841665,"Ak2/Prelid3b/Timm8a2",3
"GO:0032432","GO:0032432","actin filament bundle","3/236","87/21298",0.0724012034460744,0.316861737434584,0.270776017841665,"Sept9/Tpm4/Xirp1",3
"GO:0005771","GO:0005771","multivesicular body","2/236","41/21298",0.0756410128219879,0.322808250392709,0.275857644647986,"Atp13a2/Rab27a",2
"GO:0098858","GO:0098858","actin-based cell projection","5/236","203/21298",0.0759050209192439,0.322808250392709,0.275857644647986,"Itgb3/Myo1b/Myo6/Nf2/Clic5",5
"GO:0042641","GO:0042641","actomyosin","3/236","89/21298",0.0763632420283829,0.322808250392709,0.275857644647986,"Sept9/Tpm4/Xirp1",3
"GO:0009925","GO:0009925","basal plasma membrane","2/236","42/21298",0.07886202476944,0.32962554173294,0.28168340012266,"Itga9/Ank3",2
"GO:0030175","GO:0030175","filopodium","3/236","91/21298",0.0804189417336622,0.332398292499137,0.284052870217146,"Itgb3/Myo1b/Nf2",3
"GO:0005635","GO:0005635","nuclear envelope","8/236","409/21298",0.0860912420322126,0.347968109789609,0.297358147018851,"Nup107/P2rx3/Spast/Itpr1/Sun1/Mindy3/Dusp2/Myo6",8
"GO:1904949","GO:1904949","ATPase complex","3/236","94/21298",0.0866737470469115,0.347968109789609,0.297358147018851,"Atp1b3/Ss18/Smarca5",3
"GO:0031256","GO:0031256","leading edge membrane","4/236","151/21298",0.0874415967743248,0.347968109789609,0.297358147018851,"Scimp/Itgb3/Thy1/Myo6",4
"GO:0005789","GO:0005789","endoplasmic reticulum membrane","9/236","482/21298",0.089074959164716,0.347968109789609,0.297358147018851,"Insig2/Ptpn1/Ostc/Itpr2/Itpr1/Srebf2/Stim1/Trim13/Abcb9",9
"GO:0005802","GO:0005802","trans-Golgi network","5/236","214/21298",0.0901700485748913,0.347968109789609,0.297358147018851,"Cdh1/Arl5a/M6pr/Myo1b/Dop1b",5
"GO:0030136","GO:0030136","clathrin-coated vesicle","3/236","96/21298",0.0909548073556632,0.347968109789609,0.297358147018851,"Rab27a/Myo6/Ap2a2",3
"GO:0005774","GO:0005774","vacuolar membrane","4/236","155/21298",0.0940281589351386,0.347968109789609,0.297358147018851,"Atp13a2/Anxa6/Gabarapl2/Abcb9",4
"GO:0005765","GO:0005765","lysosomal membrane","3/236","98/21298",0.0953223827893435,0.347968109789609,0.297358147018851,"Atp13a2/Anxa6/Abcb9",3
"GO:0031901","GO:0031901","early endosome membrane","2/236","47/21298",0.0955745608384133,0.347968109789609,0.297358147018851,"Dnajc13/Snx20",2
"GO:0098852","GO:0098852","lytic vacuole membrane","3/236","99/21298",0.097537949827798,0.347968109789609,0.297358147018851,"Atp13a2/Anxa6/Abcb9",3
"GO:0005764","GO:0005764","lysosome","8/236","422/21298",0.0985195791684482,0.347968109789609,0.297358147018851,"Atp13a2/Anxa6/Rab27a/Ank3/M6pr/Ctsd/Znrf2/Abcb9",8
"GO:0031902","GO:0031902","late endosome membrane","2/236","48/21298",0.0990296389242562,0.347968109789609,0.297358147018851,"Anxa6/Rab27a",2
"GO:0000323","GO:0000323","lytic vacuole","8/236","423/21298",0.0995157305422958,0.347968109789609,0.297358147018851,"Atp13a2/Anxa6/Rab27a/Ank3/M6pr/Ctsd/Znrf2/Abcb9",8
"GO:0098686","GO:0098686","hippocampal mossy fiber to CA3 synapse","2/236","49/21298",0.102519373302729,0.347968109789609,0.297358147018851,"P2rx3/Nectin1",2
"GO:0030659","GO:0030659","cytoplasmic vesicle membrane","6/236","289/21298",0.103123608810393,0.347968109789609,0.297358147018851,"Itpr2/Rab27a/Itpr1/Sun1/Znrf2/Ap2a2",6
"GO:0000813","GO:0000813","ESCRT I complex","1/236","10/21298",0.105464516434563,0.347968109789609,0.297358147018851,"Vps37c",1
"GO:0005883","GO:0005883","neurofilament","1/236","10/21298",0.105464516434563,0.347968109789609,0.297358147018851,"Dyrk1a",1
"GO:0008250","GO:0008250","oligosaccharyltransferase complex","1/236","10/21298",0.105464516434563,0.347968109789609,0.297358147018851,"Ostc",1
"GO:0016600","GO:0016600","flotillin complex","1/236","10/21298",0.105464516434563,0.347968109789609,0.297358147018851,"Cdh1",1
"GO:0031597","GO:0031597","cytosolic proteasome complex","1/236","10/21298",0.105464516434563,0.347968109789609,0.297358147018851,"Psmd14",1
"GO:0071014","GO:0071014","post-mRNA release spliceosomal complex","1/236","10/21298",0.105464516434563,0.347968109789609,0.297358147018851,"Tfip11",1
"GO:0071203","GO:0071203","WASH complex","1/236","10/21298",0.105464516434563,0.347968109789609,0.297358147018851,"Dnajc13",1
"GO:0042383","GO:0042383","sarcolemma","4/236","165/21298",0.111479015818438,0.347968109789609,0.297358147018851,"Adrb2/Anxa6/Ank3/Igf1r",4
"GO:0034702","GO:0034702","ion channel complex","6/236","296/21298",0.112135724482379,0.347968109789609,0.297358147018851,"Chrne/Ptk2b/Pde4d/Ppm1a/Pde4b/Clic5",6
"GO:0044437","GO:0044437","vacuolar part","4/236","166/21298",0.11329871777188,0.347968109789609,0.297358147018851,"Atp13a2/Anxa6/Gabarapl2/Abcb9",4
"GO:0031010","GO:0031010","ISWI-type complex","1/236","11/21298",0.115381388574804,0.347968109789609,0.297358147018851,"Smarca5",1
"GO:0031080","GO:0031080","nuclear pore outer ring","1/236","11/21298",0.115381388574804,0.347968109789609,0.297358147018851,"Nup107",1
"GO:0034992","GO:0034992","microtubule organizing center attachment site","1/236","11/21298",0.115381388574804,0.347968109789609,0.297358147018851,"Sun1",1
"GO:0034993","GO:0034993","meiotic nuclear membrane microtubule tethering complex","1/236","11/21298",0.115381388574804,0.347968109789609,0.297358147018851,"Sun1",1
"GO:0090533","GO:0090533","cation-transporting ATPase complex","1/236","11/21298",0.115381388574804,0.347968109789609,0.297358147018851,"Atp1b3",1
"GO:0106083","GO:0106083","nuclear membrane protein complex","1/236","11/21298",0.115381388574804,0.347968109789609,0.297358147018851,"Sun1",1
"GO:0106094","GO:0106094","nuclear membrane microtubule tethering complex","1/236","11/21298",0.115381388574804,0.347968109789609,0.297358147018851,"Sun1",1
"GO:1990907","GO:1990907","beta-catenin-TCF complex","1/236","11/21298",0.115381388574804,0.347968109789609,0.297358147018851,"Tle3",1
"GO:0005913","GO:0005913","cell-cell adherens junction","3/236","107/21298",0.11598936992987,0.347968109789609,0.297358147018851,"Cdh1/Nectin1/Xirp1",3
"GO:0033267","GO:0033267","axon part","8/236","447/21298",0.125110948408813,0.36669470119481,0.313361063273437,"Cdh1/Ptk2b/P2rx3/Ank3/Thy1/Tnfrsf1b/Nectin1/Stim1",8
"GO:0071564","GO:0071564","npBAF complex","1/236","12/21298",0.125188782397153,0.36669470119481,0.313361063273437,"Ss18",1
"GO:0097524","GO:0097524","sperm plasma membrane","1/236","12/21298",0.125188782397153,0.36669470119481,0.313361063273437,"Abhd2",1
"GO:0098562","GO:0098562","cytoplasmic side of membrane","4/236","177/21298",0.134158423471627,0.373756882990372,0.319396091293413,"Ptpn1/Cdh1/Ptk2b/Blk",4
"GO:0005652","GO:0005652","nuclear lamina","1/236","13/21298",0.134887901412199,0.373756882990372,0.319396091293413,"Hlcs",1
"GO:0005916","GO:0005916","fascia adherens","1/236","13/21298",0.134887901412199,0.373756882990372,0.319396091293413,"Xirp1",1
"GO:0098533","GO:0098533","ATPase dependent transmembrane transport complex","1/236","13/21298",0.134887901412199,0.373756882990372,0.319396091293413,"Atp1b3",1
"GO:0098833","GO:0098833","presynaptic endocytic zone","1/236","13/21298",0.134887901412199,0.373756882990372,0.319396091293413,"Myo6",1
"GO:0016328","GO:0016328","lateral plasma membrane","2/236","58/21298",0.135298182409786,0.373756882990372,0.319396091293413,"Cdh1/Ank3",2
"GO:0098685","GO:0098685","Schaffer collateral - CA1 synapse","3/236","115/21298",0.135632401268077,0.373756882990372,0.319396091293413,"P2rx3/Itpr1/Myo6",3
"GO:0016324","GO:0016324","apical plasma membrane","6/236","314/21298",0.137065977874178,0.373756882990372,0.319396091293413,"Adrb2/Anxa6/Rab27a/Itgb3/Thy1/Tgfbr1",6
"GO:0010494","GO:0010494","cytoplasmic stress granule","2/236","60/21298",0.142870278943223,0.373756882990372,0.319396091293413,"Mbnl1/Lin28a",2
"GO:0016459","GO:0016459","myosin complex","2/236","60/21298",0.142870278943223,0.373756882990372,0.319396091293413,"Myo1b/Myo6",2
"GO:0005940","GO:0005940","septin ring","1/236","14/21298",0.14447993595609,0.373756882990372,0.319396091293413,"Sept9",1
"GO:0017146","GO:0017146","NMDA selective glutamate receptor complex","1/236","14/21298",0.14447993595609,0.373756882990372,0.319396091293413,"Ptk2b",1
"GO:0030122","GO:0030122","AP-2 adaptor complex","1/236","14/21298",0.14447993595609,0.373756882990372,0.319396091293413,"Ap2a2",1
"GO:0031105","GO:0031105","septin complex","1/236","14/21298",0.14447993595609,0.373756882990372,0.319396091293413,"Sept9",1
"GO:0032160","GO:0032160","septin filament array","1/236","14/21298",0.14447993595609,0.373756882990372,0.319396091293413,"Sept9",1
"GO:0098871","GO:0098871","postsynaptic actin cytoskeleton","1/236","14/21298",0.14447993595609,0.373756882990372,0.319396091293413,"Myo6",1
"GO:0030863","GO:0030863","cortical cytoskeleton","3/236","119/21298",0.145855717920464,0.373756882990372,0.319396091293413,"Cdh1/Tpm4/Nf2",3
"GO:0044452","GO:0044452","nucleolar part","4/236","183/21298",0.146152264143815,0.373756882990372,0.319396091293413,"Pak6/Kdm4a/Mllt1/Smarca5",4
"GO:0005905","GO:0005905","clathrin-coated pit","2/236","61/21298",0.146689529345684,0.373756882990372,0.319396091293413,"Myo6/Ap2a2",2
"GO:0034399","GO:0034399","nuclear periphery","3/236","120/21298",0.148450330687442,0.375670224596792,0.321031148353795,"Zfp326/Nup107/Hlcs",3
"GO:0030128","GO:0030128","clathrin coat of endocytic vesicle","1/236","15/21298",0.153966063334137,0.377423917032203,0.322529776298034,"Ap2a2",1
"GO:0032580","GO:0032580","Golgi cisterna membrane","1/236","15/21298",0.153966063334137,0.377423917032203,0.322529776298034,"B4galnt3",1
"GO:0042101","GO:0042101","T cell receptor complex","1/236","15/21298",0.153966063334137,0.377423917032203,0.322529776298034,"Cd247",1
"GO:0043220","GO:0043220","Schmidt-Lanterman incisure","1/236","15/21298",0.153966063334137,0.377423917032203,0.322529776298034,"Cdh1",1
"GO:0030018","GO:0030018","Z disc","3/236","125/21298",0.161641945013984,0.377423917032203,0.322529776298034,"Glrx3/Ank3/Pde4b",3
"GO:0045178","GO:0045178","basal part of cell","2/236","65/21298",0.162166066995564,0.377423917032203,0.322529776298034,"Itga9/Ank3",2
"GO:0005892","GO:0005892","acetylcholine-gated channel complex","1/236","16/21298",0.163347447962862,0.377423917032203,0.322529776298034,"Chrne",1
"GO:0030669","GO:0030669","clathrin-coated endocytic vesicle membrane","1/236","16/21298",0.163347447962862,0.377423917032203,0.322529776298034,"Ap2a2",1
"GO:0032156","GO:0032156","septin cytoskeleton","1/236","16/21298",0.163347447962862,0.377423917032203,0.322529776298034,"Sept9",1
"GO:0035098","GO:0035098","ESC/E(Z) complex","1/236","16/21298",0.163347447962862,0.377423917032203,0.322529776298034,"Aebp2",1
"GO:0043186","GO:0043186","P granule","1/236","16/21298",0.163347447962862,0.377423917032203,0.322529776298034,"Mov10",1
"GO:0043196","GO:0043196","varicosity","1/236","16/21298",0.163347447962862,0.377423917032203,0.322529776298034,"Tnfrsf1b",1
"GO:0045495","GO:0045495","pole plasm","1/236","16/21298",0.163347447962862,0.377423917032203,0.322529776298034,"Mov10",1
"GO:0060293","GO:0060293","germ plasm","1/236","16/21298",0.163347447962862,0.377423917032203,0.322529776298034,"Mov10",1
"GO:0005770","GO:0005770","late endosome","4/236","192/21298",0.164886544580826,0.378628361630046,0.32355904134769,"Atp13a2/Anxa6/Rab27a/M6pr",4
"GO:0016514","GO:0016514","SWI/SNF complex","1/236","17/21298",0.172625241510497,0.391564572206737,0.334613754404172,"Ss18",1
"GO:0033270","GO:0033270","paranode region of axon","1/236","17/21298",0.172625241510497,0.391564572206737,0.334613754404172,"Ank3",1
"GO:0036464","GO:0036464","cytoplasmic ribonucleoprotein granule","4/236","197/21298",0.17565022557542,0.396011417660947,0.338413831730634,"Mbnl1/Mov10/Poli/Lin28a",4
"GO:0044449","GO:0044449","contractile fiber part","4/236","198/21298",0.177831500456204,0.398513964877759,0.34055239782989,"Pecam1/Glrx3/Ank3/Pde4b",4
"GO:0000930","GO:0000930","gamma-tubulin complex","1/236","18/21298",0.181800583035967,0.4003832487362,0.34214980508866,"Pde4b",1
"GO:0031527","GO:0031527","filopodium membrane","1/236","18/21298",0.181800583035967,0.4003832487362,0.34214980508866,"Itgb3",1
"GO:0032587","GO:0032587","ruffle membrane","2/236","70/21298",0.181894540420478,0.4003832487362,0.34214980508866,"Itgb3/Myo6",2
"GO:0030426","GO:0030426","growth cone","4/236","201/21298",0.184430027883422,0.401857331352629,0.343409490855954,"Ptk2b/Thy1/Nectin1/Stim1",4
"GO:0098984","GO:0098984","neuron to neuron synapse","7/236","422/21298",0.189330304410551,0.401857331352629,0.343409490855954,"Ptk2b/P2rx3/Ifngr1/Itpr1/Nectin1/Pde4b/Myo6",7
"GO:0000145","GO:0000145","exocyst","1/236","19/21298",0.190874599126357,0.401857331352629,0.343409490855954,"Exoc2",1
"GO:0031528","GO:0031528","microvillus membrane","1/236","19/21298",0.190874599126357,0.401857331352629,0.343409490855954,"Itgb3",1
"GO:0043218","GO:0043218","compact myelin","1/236","19/21298",0.190874599126357,0.401857331352629,0.343409490855954,"Cdh1",1
"GO:0099571","GO:0099571","postsynaptic cytoskeleton","1/236","19/21298",0.190874599126357,0.401857331352629,0.343409490855954,"Myo6",1
"GO:0030427","GO:0030427","site of polarized growth","4/236","204/21298",0.191107822845082,0.401857331352629,0.343409490855954,"Ptk2b/Thy1/Nectin1/Stim1",4
"GO:0005874","GO:0005874","microtubule","7/236","425/21298",0.193878960029945,0.401857331352629,0.343409490855954,"Hid1/Sept9/Dyrk1a/Spast/Stim1/Ss18/Mdm1",7
"GO:0000932","GO:0000932","P-body","2/236","73/21298",0.193896061068258,0.401857331352629,0.343409490855954,"Mov10/Lin28a",2
"GO:0005881","GO:0005881","cytoplasmic microtubule","2/236","73/21298",0.193896061068258,0.401857331352629,0.343409490855954,"Hid1/Ss18",2
"GO:0031674","GO:0031674","I band","3/236","137/21298",0.194616525222237,0.401857331352629,0.343409490855954,"Glrx3/Ank3/Pde4b",3
"GO:0030315","GO:0030315","T-tubule","2/236","74/21298",0.197919321200039,0.401857331352629,0.343409490855954,"Ank3/Igf1r",2
"GO:0000421","GO:0000421","autophagosome membrane","1/236","20/21298",0.199848404032894,0.401857331352629,0.343409490855954,"Gabarapl2",1
"GO:0005922","GO:0005922","connexin complex","1/236","20/21298",0.199848404032894,0.401857331352629,0.343409490855954,"Gja10",1
"GO:0030132","GO:0030132","clathrin coat of coated pit","1/236","20/21298",0.199848404032894,0.401857331352629,0.343409490855954,"Ap2a2",1
"GO:0090723","GO:0090723","growth cone part","1/236","20/21298",0.199848404032894,0.401857331352629,0.343409490855954,"Nectin1",1
"GO:0035770","GO:0035770","ribonucleoprotein granule","4/236","210/21298",0.204686824260479,0.404401005873039,0.345583202528743,"Mbnl1/Mov10/Poli/Lin28a",4
"GO:0030684","GO:0030684","preribosome","2/236","76/21298",0.205995570666064,0.404401005873039,0.345583202528743,"Mak16/Kri1",2
"GO:0070603","GO:0070603","SWI/SNF superfamily-type complex","2/236","76/21298",0.205995570666064,0.404401005873039,0.345583202528743,"Ss18/Smarca5",2
"GO:0030673","GO:0030673","axolemma","1/236","21/21298",0.208723099805439,0.404401005873039,0.345583202528743,"Thy1",1
"GO:0030904","GO:0030904","retromer complex","1/236","21/21298",0.208723099805439,0.404401005873039,0.345583202528743,"M6pr",1
"GO:0043194","GO:0043194","axon initial segment","1/236","21/21298",0.208723099805439,0.404401005873039,0.345583202528743,"Ank3",1
"GO:0061702","GO:0061702","inflammasome complex","1/236","21/21298",0.208723099805439,0.404401005873039,0.345583202528743,"Aim2",1
"GO:0097730","GO:0097730","non-motile cilium","3/236","144/21298",0.214562711764794,0.408526391755436,0.349108574731584,"Sept9/Rab27a/Mdm1",3
"GO:0005777","GO:0005777","peroxisome","3/236","145/21298",0.217447800259428,0.408526391755436,0.349108574731584,"Ech1/Acoxl/Dao",3
"GO:0042579","GO:0042579","microbody","3/236","145/21298",0.217447800259428,0.408526391755436,0.349108574731584,"Ech1/Acoxl/Dao",3
"GO:0005721","GO:0005721","pericentric heterochromatin","1/236","22/21298",0.217499776425541,0.408526391755436,0.349108574731584,"Kdm4a",1
"GO:0005838","GO:0005838","proteasome regulatory particle","1/236","22/21298",0.217499776425541,0.408526391755436,0.349108574731584,"Psmd14",1
"GO:0031362","GO:0031362","anchored component of external side of plasma membrane","1/236","22/21298",0.217499776425541,0.408526391755436,0.349108574731584,"Thy1",1
"GO:0031301","GO:0031301","integral component of organelle membrane","4/236","216/21298",0.218539655804655,0.408526391755436,0.349108574731584,"Atp13a2/P2rx3/Itpr1/Sun1",4
"GO:0150034","GO:0150034","distal axon","6/236","366/21298",0.221454664351644,0.411905675694057,0.351996361232613,"Cdh1/Ptk2b/P2rx3/Thy1/Nectin1/Stim1",6
"GO:0002080","GO:0002080","acrosomal membrane","1/236","23/21298",0.226179511938024,0.414747474127974,0.354424836408173,"Sun1",1
"GO:0097470","GO:0097470","ribbon synapse","1/236","23/21298",0.226179511938024,0.414747474127974,0.354424836408173,"Myo6",1
"GO:0005811","GO:0005811","lipid droplet","2/236","81/21298",0.22632725066661,0.414747474127974,0.354424836408173,"Lss/Spast",2
"GO:0043292","GO:0043292","contractile fiber","4/236","222/21298",0.232637480375576,0.422334870360929,0.36090868944256,"Pecam1/Glrx3/Ank3/Pde4b",4
"GO:0030666","GO:0030666","endocytic vesicle membrane","1/236","24/21298",0.234763372581156,0.422334870360929,0.36090868944256,"Ap2a2",1
"GO:0030687","GO:0030687","preribosome, large subunit precursor","1/236","24/21298",0.234763372581156,0.422334870360929,0.36090868944256,"Mak16",1
"GO:0034703","GO:0034703","cation channel complex","4/236","223/21298",0.235008919797614,0.422334870360929,0.36090868944256,"Ptk2b/Pde4d/Ppm1a/Pde4b",4
"GO:0030864","GO:0030864","cortical actin cytoskeleton","2/236","85/21298",0.242694649180612,0.424763059799451,0.362983712675252,"Cdh1/Nf2",2
"GO:0022624","GO:0022624","proteasome accessory complex","1/236","25/21298",0.243252412915406,0.424763059799451,0.362983712675252,"Psmd14",1
"GO:0030125","GO:0030125","clathrin vesicle coat","1/236","25/21298",0.243252412915406,0.424763059799451,0.362983712675252,"Ap2a2",1
"GO:0031233","GO:0031233","intrinsic component of external side of plasma membrane","1/236","25/21298",0.243252412915406,0.424763059799451,0.362983712675252,"Thy1",1
"GO:0036452","GO:0036452","ESCRT complex","1/236","25/21298",0.243252412915406,0.424763059799451,0.362983712675252,"Vps37c",1
"GO:0099059","GO:0099059","integral component of presynaptic active zone membrane","1/236","25/21298",0.243252412915406,0.424763059799451,0.362983712675252,"Nectin1",1
"GO:0031253","GO:0031253","cell projection membrane","5/236","302/21298",0.24435294300291,0.424763059799451,0.362983712675252,"Asap1/Scimp/Itgb3/Thy1/Myo6",5
"GO:0099699","GO:0099699","integral component of synaptic membrane","4/236","229/21298",0.249356356703414,0.431444486947303,0.368693364623898,"Chrne/P2rx3/Itgb3/Nectin1",4
"GO:0030141","GO:0030141","secretory granule","6/236","383/21298",0.252209383432103,0.434360604799733,0.371185349885454,"Itpr2/Rab27a/Itpr1/Sun1/Abhd2/Ap2a2",6
"GO:0016363","GO:0016363","nuclear matrix","2/236","89/21298",0.259110974670764,0.444190242292738,0.379585323068497,"Zfp326/Hlcs",2
"GO:0019898","GO:0019898","extrinsic component of membrane","5/236","312/21298",0.265156595383245,0.452469052672327,0.386660028033511,"Hid1/Cdh1/Ptk2b/Pik3r5/Blk",5
"GO:0009898","GO:0009898","cytoplasmic side of plasma membrane","3/236","162/21298",0.267533559374368,0.454440566608515,0.388344796592449,"Cdh1/Ptk2b/Blk",3
"GO:0005902","GO:0005902","microvillus","2/236","92/21298",0.271434031619179,0.458032322562518,0.391414152274704,"Itgb3/Myo6",2
"GO:0090575","GO:0090575","RNA polymerase II transcription factor complex","3/236","164/21298",0.273524362258775,0.458032322562518,0.391414152274704,"Runx3/Rara/Tle3",3
"GO:0005791","GO:0005791","rough endoplasmic reticulum","2/236","93/21298",0.275541014384308,0.458032322562518,0.391414152274704,"P2rx3/Lin28a",2
"GO:0016342","GO:0016342","catenin complex","1/236","29/21298",0.276281060743334,0.458032322562518,0.391414152274704,"Cdh1",1
"GO:0030686","GO:0030686","90S preribosome","1/236","29/21298",0.276281060743334,0.458032322562518,0.391414152274704,"Kri1",1
"GO:0031012","GO:0031012","extracellular matrix","7/236","476/21298",0.277035678969265,0.458032322562518,0.391414152274704,"Serpinb9/Serpinb1a/Anxa6/Tfip11/Emilin2/Ctsd/Wnt11",7
"GO:0031300","GO:0031300","intrinsic component of organelle membrane","4/236","243/21298",0.283498451758932,0.461850862517503,0.39467730752769,"Atp13a2/P2rx3/Itpr1/Sun1",4
"GO:0035097","GO:0035097","histone methyltransferase complex","2/236","95/21298",0.283750985693276,0.461850862517503,0.39467730752769,"Aebp2/Kdm4a",2
"GO:0005942","GO:0005942","phosphatidylinositol 3-kinase complex","1/236","30/21298",0.284311418055129,0.461850862517503,0.39467730752769,"Pik3r5",1
"GO:0098945","GO:0098945","intrinsic component of presynaptic active zone membrane","1/236","30/21298",0.284311418055129,0.461850862517503,0.39467730752769,"Nectin1",1
"GO:0031234","GO:0031234","extrinsic component of cytoplasmic side of plasma membrane","2/236","96/21298",0.287853032040884,0.465570990953082,0.397856364651474,"Ptk2b/Blk",2
"GO:0000407","GO:0000407","phagophore assembly site","1/236","31/21298",0.292253044223034,0.466411068011723,0.398574257327505,"Atg7",1
"GO:0030131","GO:0030131","clathrin adaptor complex","1/236","31/21298",0.292253044223034,0.466411068011723,0.398574257327505,"Ap2a2",1
"GO:0032588","GO:0032588","trans-Golgi network membrane","1/236","31/21298",0.292253044223034,0.466411068011723,0.398574257327505,"Myo1b",1
"GO:0099240","GO:0099240","intrinsic component of synaptic membrane","4/236","247/21298",0.293387607297697,0.466411068011723,0.398574257327505,"Chrne/P2rx3/Itgb3/Nectin1",4
"GO:0031594","GO:0031594","neuromuscular junction","2/236","98/21298",0.296048969179237,0.468639219296494,0.400478336806851,"Chrne/Ank3",2
"GO:0031941","GO:0031941","filamentous actin","1/236","32/21298",0.300106915552481,0.471880444744101,0.403248144631348,"Myo6",1
"GO:0030135","GO:0030135","coated vesicle","3/236","173/21298",0.300633509151483,0.471880444744101,0.403248144631348,"Rab27a/Myo6/Ap2a2",3
"GO:0061695","GO:0061695","transferase complex, transferring phosphorus-containing groups","4/236","251/21298",0.303321901266797,0.474099778450623,0.405144688998552,"Pik3r5/Tgfbr1/Igf1r/Myo6",4
"GO:0062023","GO:0062023","collagen-containing extracellular matrix","5/236","331/21298",0.305679044190765,0.475224593886166,0.406105906490158,"Serpinb9/Serpinb1a/Anxa6/Emilin2/Ctsd",5
"GO:0005921","GO:0005921","gap junction","1/236","33/21298",0.307873997652059,0.475224593886166,0.406105906490158,"Gja10",1
"GO:0030665","GO:0030665","clathrin-coated vesicle membrane","1/236","33/21298",0.307873997652059,0.475224593886166,0.406105906490158,"Ap2a2",1
"GO:1902911","GO:1902911","protein kinase complex","2/236","102/21298",0.312396108576964,0.480212199961283,0.410368093911453,"Tgfbr1/Igf1r",2
"GO:0005667","GO:0005667","transcription factor complex","6/236","417/21298",0.316769860201246,0.484931637838944,0.414401116659199,"Arnt2/Runx3/Rbpj/Mef2a/Rara/Tle3",6
"GO:0031463","GO:0031463","Cul3-RING ubiquitin ligase complex","1/236","35/21298",0.323151603810654,0.490662843336993,0.419298751238743,"Klhl25",1
"GO:0097546","GO:0097546","ciliary base","1/236","35/21298",0.323151603810654,0.490662843336993,0.419298751238743,"Prkacb",1
"GO:0005790","GO:0005790","smooth endoplasmic reticulum","1/236","36/21298",0.330664006646598,0.500028497855832,0.427302225106002,"Itpr1",1
"GO:0030017","GO:0030017","sarcomere","3/236","184/21298",0.333932368906669,0.502926482725833,0.429778714723264,"Glrx3/Ank3/Pde4b",3
"GO:0019897","GO:0019897","extrinsic component of plasma membrane","3/236","185/21298",0.336960253853357,0.505440380780035,0.431926980745814,"Cdh1/Ptk2b/Blk",3
"GO:0099572","GO:0099572","postsynaptic specialization","6/236","433/21298",0.348053950884143,0.519405926711933,0.443861318242795,"Chrne/Ptk2b/Ifngr1/Itpr1/Pde4b/Myo6",6
"GO:0098862","GO:0098862","cluster of actin-based cell projections","3/236","189/21298",0.349063122790278,0.519405926711933,0.443861318242795,"Myo1b/Myo6/Clic5",3
"GO:0032154","GO:0032154","cleavage furrow","1/236","41/21298",0.366998676511298,0.539618607360486,0.46113418059668,"Nf2",1
"GO:0043596","GO:0043596","nuclear replication fork","1/236","41/21298",0.366998676511298,0.539618607360486,0.46113418059668,"Smarca5",1
"GO:0045095","GO:0045095","keratin filament","1/236","41/21298",0.366998676511298,0.539618607360486,0.46113418059668,"Krt80",1
"GO:0099056","GO:0099056","integral component of presynaptic membrane","2/236","116/21298",0.368819400430437,0.540160696693396,0.461597426149987,"P2rx3/Nectin1",2
"GO:0005930","GO:0005930","axoneme","2/236","118/21298",0.376743548978547,0.549602353803997,0.469665848468611,"Sept9/Atg7",2
"GO:0036126","GO:0036126","sperm flagellum","2/236","119/21298",0.380690349509454,0.551038171274385,0.470892834535552,"Ak2/Abhd2",2
"GO:0097014","GO:0097014","ciliary plasm","2/236","119/21298",0.380690349509454,0.551038171274385,0.470892834535552,"Sept9/Atg7",2
"GO:0034708","GO:0034708","methyltransferase complex","2/236","120/21298",0.384626621014912,0.554577918672663,0.473917746007765,"Aebp2/Kdm4a",2
"GO:0044798","GO:0044798","nuclear transcription factor complex","3/236","204/21298",0.394164786383642,0.562485098532043,0.480674871977015,"Runx3/Rara/Tle3",3
"GO:0005778","GO:0005778","peroxisomal membrane","1/236","45/21298",0.394646803002321,0.562485098532043,0.480674871977015,"Dao",1
"GO:0031903","GO:0031903","microbody membrane","1/236","45/21298",0.394646803002321,0.562485098532043,0.480674871977015,"Dao",1
"GO:0005801","GO:0005801","cis-Golgi network","1/236","46/21298",0.401368835397345,0.565190349862644,0.482986660041082,"Man2a1",1
"GO:0034707","GO:0034707","chloride channel complex","1/236","46/21298",0.401368835397345,0.565190349862644,0.482986660041082,"Clic5",1
"GO:0048787","GO:0048787","presynaptic active zone membrane","1/236","46/21298",0.401368835397345,0.565190349862644,0.482986660041082,"Nectin1",1
"GO:0030016","GO:0030016","myofibril","3/236","207/21298",0.403100150172455,0.565190349862644,0.482986660041082,"Glrx3/Ank3/Pde4b",3
"GO:0005882","GO:0005882","intermediate filament","2/236","125/21298",0.40414148672974,0.565190349862644,0.482986660041082,"Dyrk1a/Krt80",2
"GO:0097729","GO:0097729","9+2 motile cilium","2/236","126/21298",0.408009542899867,0.56635131257749,0.483978767397855,"Ak2/Abhd2",2
"GO:0035861","GO:0035861","site of double-strand break","1/236","47/21298",0.408016537018191,0.56635131257749,0.483978767397855,"Samhd1",1
"GO:0031519","GO:0031519","PcG protein complex","1/236","48/21298",0.414590726339339,0.568543195879124,0.485851853863881,"Aebp2",1
"GO:0032420","GO:0032420","stereocilium","1/236","48/21298",0.414590726339339,0.568543195879124,0.485851853863881,"Clic5",1
"GO:0032590","GO:0032590","dendrite membrane","1/236","48/21298",0.414590726339339,0.568543195879124,0.485851853863881,"Thy1",1
"GO:0098889","GO:0098889","intrinsic component of presynaptic membrane","2/236","128/21298",0.415709003438499,0.568543195879124,0.485851853863881,"P2rx3/Nectin1",2
"GO:0001669","GO:0001669","acrosomal vesicle","2/236","129/21298",0.419540001845312,0.569622920670065,0.486774538886134,"Sun1/Abhd2",2
"GO:0008287","GO:0008287","protein serine/threonine phosphatase complex","1/236","49/21298",0.421092212860935,0.569622920670065,0.486774538886134,"Itpr1",1
"GO:1903293","GO:1903293","phosphatase complex","1/236","49/21298",0.421092212860935,0.569622920670065,0.486774538886134,"Itpr1",1
"GO:0030119","GO:0030119","AP-type membrane coat adaptor complex","1/236","50/21298",0.427521797206778,0.576225031017831,0.492416410207654,"Ap2a2",1
"GO:0030118","GO:0030118","clathrin coat","1/236","51/21298",0.433880271221236,0.582683974347653,0.49793593733161,"Ap2a2",1
"GO:0008023","GO:0008023","transcription elongation factor complex","1/236","52/21298",0.44016841806511,0.58845663935278,0.50286900137108,"Mllt1",1
"GO:0043209","GO:0043209","myelin sheath","3/236","220/21298",0.441342479514585,0.58845663935278,0.50286900137108,"Cdh1/Itpr2/Thy1",3
"GO:0014069","GO:0014069","postsynaptic density","5/236","394/21298",0.44328935231282,0.588850952409538,0.503205963858745,"Ptk2b/Ifngr1/Itpr1/Pde4b/Myo6",5
"GO:0031312","GO:0031312","extrinsic component of organelle membrane","1/236","53/21298",0.446387012310456,0.588850952409538,0.503205963858745,"Hid1",1
"GO:0032155","GO:0032155","cell division site part","1/236","53/21298",0.446387012310456,0.588850952409538,0.503205963858745,"Nf2",1
"GO:0032279","GO:0032279","asymmetric synapse","5/236","397/21298",0.449771161912854,0.591218629793574,0.505229276167684,"Ptk2b/Ifngr1/Itpr1/Pde4b/Myo6",5
"GO:0030120","GO:0030120","vesicle coat","1/236","54/21298",0.452536820034379,0.591837481917131,0.505758119804679,"Ap2a2",1
"GO:0005903","GO:0005903","brush border","2/236","138/21298",0.453423877275221,0.591837481917131,0.505758119804679,"Myo1b/Myo6",2
"GO:0030133","GO:0030133","transport vesicle","4/236","313/21298",0.457815207995244,0.595479920888919,0.508870786950915,"Atp13a2/Rab27a/Pde4b/Ap2a2",4
"GO:0045171","GO:0045171","intercellular bridge","1/236","56/21298",0.464633098307214,0.602242204077643,0.514649534893741,"Prkacb",1
"GO:0008328","GO:0008328","ionotropic glutamate receptor complex","1/236","57/21298",0.470581059365471,0.605730636968703,0.51763059525905,"Ptk2b",1
"GO:0090734","GO:0090734","site of DNA damage","1/236","57/21298",0.470581059365471,0.605730636968703,0.51763059525905,"Samhd1",1
"GO:0032153","GO:0032153","cell division site","1/236","58/21298",0.476463215101535,0.609086996624643,0.520498791682632,"Nf2",1
"GO:0032421","GO:0032421","stereocilium bundle","1/236","58/21298",0.476463215101535,0.609086996624643,0.520498791682632,"Clic5",1
"GO:0098878","GO:0098878","neurotransmitter receptor complex","1/236","59/21298",0.482280290489296,0.614411876924719,0.525049198730236,"Ptk2b",1
"GO:0000315","GO:0000315","organellar large ribosomal subunit","1/236","60/21298",0.488033002549399,0.617511146082913,0.527697696992189,"Mrpl1",1
"GO:0005762","GO:0005762","mitochondrial large ribosomal subunit","1/236","60/21298",0.488033002549399,0.617511146082913,0.527697696992189,"Mrpl1",1
"GO:0022625","GO:0022625","cytosolic large ribosomal subunit","1/236","61/21298",0.493722060436127,0.618399348425049,0.528456715405672,"Mrpl1",1
"GO:0044438","GO:0044438","microbody part","1/236","61/21298",0.493722060436127,0.618399348425049,0.528456715405672,"Dao",1
"GO:0044439","GO:0044439","peroxisomal part","1/236","61/21298",0.493722060436127,0.618399348425049,0.528456715405672,"Dao",1
"GO:0070382","GO:0070382","exocytic vesicle","3/236","240/21298",0.49820331476114,0.621918231849477,0.531463797449185,"Rab27a/Pde4b/Ap2a2",3
"GO:0097223","GO:0097223","sperm part","3/236","242/21298",0.503732484367969,0.626090894246925,0.535029570069528,"Ak2/Sun1/Abhd2",3
"GO:0099023","GO:0099023","tethering complex","1/236","63/21298",0.504912011489456,0.626090894246925,0.535029570069528,"Exoc2",1
"GO:0044450","GO:0044450","microtubule organizing center part","2/236","157/21298",0.521067933924097,0.643977645912838,0.550314796450699,"Pde4b/Mdm1",2
"GO:0000502","GO:0000502","proteasome complex","1/236","67/21298",0.526558413054276,0.648608376345002,0.554272013741343,"Psmd14",1
"GO:1905369","GO:1905369","endopeptidase complex","1/236","68/21298",0.531821105085701,0.652928881491356,0.557964126232002,"Psmd14",1
"GO:0032589","GO:0032589","neuron projection membrane","1/236","69/21298",0.537025543107358,0.657149677749793,0.561571031919744,"Thy1",1
"GO:0005657","GO:0005657","replication fork","1/236","70/21298",0.542172369233255,0.661272529032035,0.565094238165463,"Smarca5",1
"GO:0044441","GO:0044441","ciliary part","5/236","443/21298",0.545964723558971,0.663132069358237,0.566683319032788,"Ak2/Sept9/Atg7/Rab27a/Prkacb",5
"GO:0005643","GO:0005643","nuclear pore","1/236","71/21298",0.547262218529512,0.663132069358237,0.566683319032788,"Nup107",1
"GO:0045111","GO:0045111","intermediate filament cytoskeleton","2/236","166/21298",0.551109608850474,0.664899700653716,0.568193858509966,"Dyrk1a/Krt80",2
"GO:0030662","GO:0030662","coated vesicle membrane","1/236","72/21298",0.552295719091393,0.664899700653716,0.568193858509966,"Ap2a2",1
"GO:0046658","GO:0046658","anchored component of plasma membrane","1/236","73/21298",0.557273492119492,0.666540684097519,0.569596170338004,"Thy1",1
"GO:0060076","GO:0060076","excitatory synapse","1/236","73/21298",0.557273492119492,0.666540684097519,0.569596170338004,"Pde4b",1
"GO:0030139","GO:0030139","endocytic vesicle","2/236","169/21298",0.560825898178826,0.666540684097519,0.569596170338004,"Myo6/Ap2a2",2
"GO:0032838","GO:0032838","plasma membrane bounded cell projection cytoplasm","2/236","169/21298",0.560825898178826,0.666540684097519,0.569596170338004,"Sept9/Atg7",2
"GO:0005844","GO:0005844","polysome","1/236","75/21298",0.567064306354748,0.671808668675052,0.574097956819088,"Lin28a",1
"GO:0005741","GO:0005741","mitochondrial outer membrane","2/236","172/21298",0.570391747352882,0.673605492111975,0.575633442608422,"Gimap3/Dao",2
"GO:0044445","GO:0044445","cytosolic part","3/236","269/21298",0.575113405108509,0.676687357835631,0.578267068665424,"Mrpl1/Aim2/Psmd14",3
"GO:0005684","GO:0005684","U2-type spliceosomal complex","1/236","77/21298",0.576639495790041,0.676687357835631,0.578267068665424,"Tfip11",1
"GO:0000784","GO:0000784","nuclear chromosome, telomeric region","1/236","78/21298",0.581347713074502,0.677935264149576,0.579333474174227,"Tfip11",1
"GO:0001750","GO:0001750","photoreceptor outer segment","1/236","78/21298",0.581347713074502,0.677935264149576,0.579333474174227,"Rab27a",1
"GO:0016591","GO:0016591","RNA polymerase II, holoenzyme","1/236","79/21298",0.586003789404117,0.681229405182286,0.582148501315932,"Myo6",1
"GO:0071013","GO:0071013","catalytic step 2 spliceosome","1/236","82/21298",0.599664891189239,0.69367793008726,0.592786459780285,"Tfip11",1
"GO:0005581","GO:0005581","collagen trimer","1/236","83/21298",0.604118090929027,0.69367793008726,0.592786459780285,"Emilin2",1
"GO:1902554","GO:1902554","serine/threonine protein kinase complex","1/236","83/21298",0.604118090929027,0.69367793008726,0.592786459780285,"Tgfbr1",1
"GO:0043679","GO:0043679","axon terminus","2/236","183/21298",0.604171100398581,0.69367793008726,0.592786459780285,"Cdh1/P2rx3",2
"GO:0005681","GO:0005681","spliceosomal complex","2/236","187/21298",0.615948573757062,0.705024213654237,0.602482491577758,"Smndc1/Tfip11",2
"GO:0019866","GO:0019866","organelle inner membrane","5/236","481/21298",0.619045974708504,0.706240166620234,0.603521591169527,"Ak2/P2rx3/Itpr1/Timm8a2/Sun1",5
"GO:0043195","GO:0043195","terminal bouton","1/236","87/21298",0.621443017247821,0.706240166620234,0.603521591169527,"P2rx3",1
"GO:0019867","GO:0019867","outer membrane","2/236","190/21298",0.624604878543164,0.706240166620234,0.603521591169527,"Gimap3/Dao",2
"GO:0031968","GO:0031968","organelle outer membrane","2/236","190/21298",0.624604878543164,0.706240166620234,0.603521591169527,"Gimap3/Dao",2
"GO:0000775","GO:0000775","chromosome, centromeric region","2/236","193/21298",0.633110070319739,0.710317584599244,0.607005972124991,"Nup107/Kdm4a",2
"GO:0031225","GO:0031225","anchored component of membrane","2/236","193/21298",0.633110070319739,0.710317584599244,0.607005972124991,"Thy1/Cpm",2
"GO:0048786","GO:0048786","presynaptic active zone","1/236","90/21298",0.633939349696099,0.710317584599244,0.607005972124991,"Nectin1",1
"GO:0000313","GO:0000313","organellar ribosome","1/236","92/21298",0.642041165735441,0.712953175085325,0.609258231114228,"Mrpl1",1
"GO:0000792","GO:0000792","heterochromatin","1/236","92/21298",0.642041165735441,0.712953175085325,0.609258231114228,"Kdm4a",1
"GO:0005761","GO:0005761","mitochondrial ribosome","1/236","92/21298",0.642041165735441,0.712953175085325,0.609258231114228,"Mrpl1",1
"GO:1905368","GO:1905368","peptidase complex","1/236","93/21298",0.646024863032735,0.715241812643386,0.611213999485859,"Psmd14",1
"GO:0031514","GO:0031514","motile cilium","2/236","200/21298",0.652371106345982,0.716762039467292,0.612513118050714,"Ak2/Abhd2",2
"GO:0042734","GO:0042734","presynaptic membrane","2/236","200/21298",0.652371106345982,0.716762039467292,0.612513118050714,"P2rx3/Nectin1",2
"GO:0098687","GO:0098687","chromosomal region","3/236","302/21298",0.65317831015971,0.716762039467292,0.612513118050714,"Nup107/Kdm4a/Tfip11",3
"GO:0044306","GO:0044306","neuron projection terminus","2/236","204/21298",0.663012927814075,0.725414144549518,0.619906824148145,"Cdh1/P2rx3",2
"GO:0098982","GO:0098982","GABA-ergic synapse","1/236","100/21298",0.672701498325052,0.733856179990965,0.627121014027367,"Itpr1",1
"GO:0030117","GO:0030117","membrane coat","1/236","102/21298",0.679948811579991,0.734874515224622,0.627991238250809,"Ap2a2",1
"GO:0048475","GO:0048475","coated membrane","1/236","102/21298",0.679948811579991,0.734874515224622,0.627991238250809,"Ap2a2",1
"GO:0055029","GO:0055029","nuclear DNA-directed RNA polymerase complex","1/236","102/21298",0.679948811579991,0.734874515224622,0.627991238250809,"Myo6",1
"GO:0000428","GO:0000428","DNA-directed RNA polymerase complex","1/236","103/21298",0.683512317923977,0.734874515224622,0.627991238250809,"Myo6",1
"GO:0072686","GO:0072686","mitotic spindle","1/236","103/21298",0.683512317923977,0.734874515224622,0.627991238250809,"Tbl1xr1",1
"GO:0030880","GO:0030880","RNA polymerase complex","1/236","106/21298",0.693967514376562,0.743965173913778,0.635759712852181,"Myo6",1
"GO:0008021","GO:0008021","synaptic vesicle","2/236","219/21298",0.700604864619585,0.746203106730098,0.637672151195499,"Pde4b/Ap2a2",2
"GO:0099060","GO:0099060","integral component of postsynaptic specialization membrane","1/236","108/21298",0.700745845853767,0.746203106730098,0.637672151195499,"Chrne",1
"GO:0005814","GO:0005814","centriole","1/236","109/21298",0.704078737801786,0.746203106730098,0.637672151195499,"Mdm1",1
"GO:0097733","GO:0097733","photoreceptor cell cilium","1/236","109/21298",0.704078737801786,0.746203106730098,0.637672151195499,"Rab27a",1
"GO:0097731","GO:0097731","9+0 non-motile cilium","1/236","110/21298",0.707374665777564,0.746767972146878,0.638154860182109,"Rab27a",1
"GO:0000781","GO:0000781","chromosome, telomeric region","1/236","111/21298",0.710634038010739,0.746767972146878,0.638154860182109,"Tfip11",1
"GO:0022626","GO:0022626","cytosolic ribosome","1/236","111/21298",0.710634038010739,0.746767972146878,0.638154860182109,"Mrpl1",1
"GO:0098948","GO:0098948","intrinsic component of postsynaptic specialization membrane","1/236","114/21298",0.720196835504003,0.754685134668983,0.644920516893132,"Chrne",1
"GO:0015934","GO:0015934","large ribosomal subunit","1/236","122/21298",0.744186810154611,0.777633408363807,0.6645310959985,"Mrpl1",1
"GO:0000776","GO:0000776","kinetochore","1/236","135/21298",0.778878671625055,0.81160466623115,0.69356142954671,"Nup107",1
"GO:0045211","GO:0045211","postsynaptic membrane","3/236","374/21298",0.786476930900962,0.817134738700092,0.698287184740883,"Chrne/Ank3/Lin7b",3
"GO:0099634","GO:0099634","postsynaptic specialization membrane","1/236","139/21298",0.788578954820788,0.817134738700092,0.698287184740883,"Chrne",1
"GO:0030496","GO:0030496","midbody","1/236","141/21298",0.793268994519349,0.819711294336661,0.700488995160361,"Spast",1
"GO:0031461","GO:0031461","cullin-RING ubiquitin ligase complex","1/236","156/21298",0.825294493581961,0.850441971225732,0.726750071619047,"Klhl25",1
"GO:0099055","GO:0099055","integral component of postsynaptic membrane","1/236","172/21298",0.854025567944783,0.877617434462594,0.749973019829382,"Chrne",1
"GO:0098936","GO:0098936","intrinsic component of postsynaptic membrane","1/236","181/21298",0.868065337031591,0.889587618115019,0.76020220902868,"Chrne",1
"GO:0032993","GO:0032993","protein-DNA complex","1/236","189/21298",0.879411750812893,0.896553652987494,0.766155074143246,"Rbpj",1
"GO:0000793","GO:0000793","condensed chromosome","1/236","191/21298",0.882093110197373,0.896553652987494,0.766155074143246,"Smarca5",1
"GO:0044391","GO:0044391","ribosomal subunit","1/236","191/21298",0.882093110197373,0.896553652987494,0.766155074143246,"Mrpl1",1
"GO:0005840","GO:0005840","ribosome","1/236","230/21298",0.923981422445208,0.936569725203318,0.800351038515568,"Mrpl1",1
"GO:0005759","GO:0005759","mitochondrial matrix","1/236","261/21298",0.94640202085523,0.956623473127322,0.817488083996749,"Mrpl1",1
"GO:0005819","GO:0005819","spindle","1/236","268/21298",0.950472507021219,0.956623473127322,0.817488083996749,"Tbl1xr1",1
"GO:0098798","GO:0098798","mitochondrial protein complex","1/236","270/21298",0.9515778972882,0.956623473127322,0.817488083996749,"Mrpl1",1
"GO:0000151","GO:0000151","ubiquitin ligase complex","1/236","275/21298",0.954235071230088,0.956623473127322,0.817488083996749,"Klhl25",1
"GO:0005743","GO:0005743","mitochondrial inner membrane","2/236","438/21298",0.956623473127322,0.956623473127322,0.817488083996749,"Ak2/Timm8a2",2
