"","baseMean","log2FoldChange","lfcSE","stat","pvalue","padj"
"Merged-chr10-10307543-35",6.7140629570112,-1.48169334199782,0.727071051375746,-2.03789346198587,0.04156058859431,0.999917689640817
"Merged-chr10-111422205-1",1.61597818219218,-3.45429362551548,1.61830799272864,-2.13450940181737,0.0328011048672141,0.999917689640817
"Merged-chr10-127176142-1",2.32417078179024,-3.15599008269572,1.38453995269619,-2.27945035211868,0.0226403080700507,0.999917689640817
"Merged-chr10-128673425-1",4.49196645654978,-1.5844993322952,0.765257648207821,-2.07054360842519,0.0384014667304309,0.999917689640817
"Merged-chr10-19215120-16",5.54044161806265,1.82558407081604,0.85289953527501,2.1404444431165,0.0323188661025283,0.999917689640817
"Merged-chr10-34112241-1",1.86347776790763,-3.32921275284862,1.46173928306243,-2.2775694622325,0.0227522416718278,0.999917689640817
"Merged-chr10-36158337-60",16.33062545353,-0.931673515998876,0.381344132814523,-2.4431305894826,0.0145604675295912,0.999917689640817
"Merged-chr10-40428927-18",1.37266514859317,-3.66332581054068,1.82261728479378,-2.00992596805925,0.0444390248681186,0.999917689640817
"Merged-chr10-40878418-16",3.05078911112089,-3.22724025838738,1.16233769438936,-2.77650830216157,0.00549462317610222,0.999917689640817
"Merged-chr10-41615681-31",4.26763352930946,1.76411151258051,0.792534670960642,2.22591083673627,0.0260201543562444,0.999917689640817
"Merged-chr10-41620205-22",4.06260474871204,2.51813537630943,0.96141330814636,2.61920170541896,0.00881358166333585,0.999917689640817
"Merged-chr10-42838902-52",8.44304429545448,-2.07974205380937,0.649415505546096,-3.20248290354648,0.00136248387335159,0.999917689640817
"Merged-chr10-42848421-1",2.32168603193327,-4.69606938951848,1.38854802817336,-3.38199996992267,0.000719601524976443,0.999917689640817
"Merged-chr10-42848913-29",2.7665646060868,-2.00040219884907,0.92759208919951,-2.15655375044797,0.0310404514442047,0.999917689640817
"Merged-chr10-43452431-49",4.21516980330883,-1.54815454312122,0.677787852790301,-2.28412848762015,0.0223639808019391,0.999917689640817
"Merged-chr10-43532719-12",1.88280012220657,2.63379689727311,1.07281592048351,2.45503151750961,0.0140872236770885,0.999917689640817
"Merged-chr10-44402226-5",2.78329078017386,3.35672064349386,1.39431499561486,2.40743350968094,0.0160650872707535,0.999917689640817
"Merged-chr10-5800627-2",2.57146722211473,3.53721141186628,1.37033891155787,2.58126758426863,0.00984382489973955,0.999917689640817
"Merged-chr10-67498312-2",2.40067841499463,2.49703982422909,1.24286595936192,2.00909825023372,0.04452671519378,0.999917689640817
"Merged-chr10-75772922-1",5.59066147085033,-1.47513218795115,0.668795693337682,-2.20565443624402,0.0274082044598509,0.999917689640817
"Merged-chr10-80827107-1",2.4365236209985,-3.25571333045952,1.38961116413044,-2.34289520298781,0.0191347568793416,0.999917689640817
"Merged-chr10-81401316-1",1.64261734136825,-3.2826126198391,1.64761316600996,-1.99234425140498,0.0463332995589709,0.999917689640817
"Merged-chr10-85038353-15",2.39513518321634,1.90566945367881,0.960044734362496,1.98497985090689,0.0471467132900291,0.999917689640817
"Merged-chr10-92717721-2",3.25299255480472,-2.108449860008,1.04069676421214,-2.02599828548924,0.0427649603399277,0.999917689640817
"Merged-chr10-95998321-17",1.60710377793242,3.32335315254221,1.55255642373202,2.14056835664211,0.0323088628651952,0.999917689640817
"Merged-chr1-107533964-30",6.2507143568233,-2.58324488764888,0.939409148485093,-2.74986132699971,0.00596204901424837,0.999917689640817
"Merged-chr1-107590197-16",2.07601479357419,-2.19317809653398,1.08736471420239,-2.01696640316559,0.0436990195034739,0.999917689640817
"Merged-chr1-108038539-17",11.9278659221694,-6.65768956992363,1.21281484534751,-5.48945257016207,4.03181360826566e-08,0.0014485096750416
"Merged-chr1-108041291-27",6.84484059953664,-4.76003359544724,1.23558816740075,-3.85244349293237,0.000116944969257151,0.999917689640817
"Merged-chr11-101443032-1",2.58627553600023,-3.259115492297,1.43251267258451,-2.27510412624621,0.0228996842037677,0.999917689640817
"Merged-chr11-107997023-15",1.79406292372308,3.07344612341039,1.50990288545436,2.03552569706198,0.0417980056079505,0.999917689640817
"Merged-chr11-114064285-1",1.46580758961832,-3.68672781372609,1.73658842185984,-2.12297155003354,0.0337562359567381,0.999917689640817
"Merged-chr11-11725265-1",5.69361228784241,1.72570549139489,0.660660758767455,2.61209019681207,0.00899905085162724,0.999917689640817
"Merged-chr11-119352857-1",1.48039514228645,-3.96407091235495,1.66932866162588,-2.37464976399199,0.0175656086698235,0.999917689640817
"Merged-chr1-120162795-5",2.02825574746304,1.90538927396903,0.967933559223335,1.96851246225816,0.0490091036351941,0.999917689640817
"Merged-chr11-30182476-2",10.1502802824192,-0.895730001111967,0.414993832567135,-2.1584176217054,0.0308953768782028,0.999917689640817
"Merged-chr11-3128962-6",2.95783210534975,-2.63667787638345,1.18113022030306,-2.23233461565898,0.0255928556785717,0.999917689640817
"Merged-chr1-131868109-1",2.11086095397439,-3.65603257853475,1.46827733500972,-2.49001499332586,0.0127737706458407,0.999917689640817
"Merged-chr1-138963261-12",11.3549913599126,0.949496493594848,0.401601494790187,2.3642752975581,0.018065382628649,0.999917689640817
"Merged-chr1-143201849-5",1.86360979973926,-4.18557932310001,1.63842224166457,-2.55464019998143,0.0106297612114504,0.999917689640817
"Merged-chr11-49205303-4",2.13873762482329,2.82770985986261,1.42157477751786,1.989139020038,0.0466858604478574,0.999917689640817
"Merged-chr11-49248071-1",1.67456818240106,-3.23566171826309,1.56388988289077,-2.06898308740392,0.0385476737931642,0.999917689640817
"Merged-chr1-150373057-2",1.76116106526346,-3.11072904728608,1.5095170895425,-2.06074450487266,0.0393274213437045,0.999917689640817
"Merged-chr1-162093386-7",1.44517733349271,3.70652434331557,1.78054189890007,2.08168330417008,0.0373714066372976,0.999917689640817
"Merged-chr1-165609765-26",3.0640184905957,1.47293004809802,0.732652761142245,2.01040673865972,0.0443881578608173,0.999917689640817
"Merged-chr1-171502650-3",11.5524360328271,1.18182993541311,0.512202687144413,2.30734817500069,0.0210354178826018,0.999917689640817
"Merged-chr1-172895498-15",1.76015370476573,2.90267147471937,1.34121683677845,2.16420745335368,0.0304484315286529,0.999917689640817
"Merged-chr1-176826270-1",2.89093738044912,2.06853266177655,1.03804340698991,1.99272270104276,0.0462918201620275,0.999917689640817
"Merged-chr1-178757260-1",1.41955404144541,-4.04515249847992,1.81315807717349,-2.23099825073491,0.0256812448858491,0.999917689640817
"Merged-chr1-178883992-1",1.51476731910967,-3.75438494925855,1.62110694587152,-2.31593909261808,0.0205615944756295,0.999917689640817
"Merged-chr1-180332014-2",3.01079282566098,-2.77423245299017,1.39121920217471,-1.99410161148839,0.0461409511780016,0.999917689640817
"Merged-chr1-182280759-6",3.66263520801507,1.79133249541294,0.902420733830412,1.98503029491516,0.0471411010493259,0.999917689640817
"Merged-chr1-182537225-11",2.12300575936178,3.07462452494097,1.48437823189124,2.07132148591509,0.0383287626895038,0.999917689640817
"Merged-chr11-83039954-4",2.55793957419995,-2.97574102901677,1.20357104877093,-2.47242656098746,0.013419928318612,0.999917689640817
"Merged-chr1-183181156-1",1.2776716322847,-3.71921200010259,1.7963843809775,-2.0703876294442,0.0384160593511686,0.999917689640817
"Merged-chr11-85564330-12",3.14428349111513,-3.22210743349166,1.40255564233554,-2.29731166182197,0.0216009970105079,0.999917689640817
"Merged-chr11-88073566-21",4.71929264333695,-2.15947405435821,0.787551076501418,-2.74201143112058,0.00610642164738996,0.999917689640817
"Merged-chr1-191097986-4",2.97896202251533,2.18355627526427,1.02676916685439,2.12662820987682,0.0334509866813363,0.999917689640817
"Merged-chr1-191119060-9",2.07648226888157,3.03718007677941,1.5030556863733,2.02067036126105,0.0433138999333966,0.999917689640817
"Merged-chr1-194623946-1",2.12816670237732,-4.44168216612816,1.5637522145136,-2.84040024046249,0.00450569631441174,0.999917689640817
"Merged-chr11-94992465-1",1.46482936540184,-3.76273375467177,1.6348481840989,-2.30157992116297,0.0213588735405424,0.999917689640817
"Merged-chr11-97072845-6",1.73751062562748,-3.11124893050969,1.48560123717337,-2.09426921078056,0.0362360054465595,0.999917689640817
"Merged-chr11-98972338-11",2.0110930398648,2.99003279667027,1.41965368014527,2.1061705671515,0.0351895388314339,0.999917689640817
"Merged-chr12-107938680-1",1.55637615753605,-3.29118167039712,1.64245174952144,-2.00382243883637,0.04508908427667,0.999917689640817
"Merged-chr12-110561023-9",1.76103074787739,-2.9937109601446,1.52043585167223,-1.96898208947915,0.0489551478462037,0.999917689640817
"Merged-chr12-33109714-15",1.48217429228271,-3.674103881487,1.66775334022501,-2.20302594686533,0.0275929199033485,0.999917689640817
"Merged-chr12-3568895-12",2.87417249922491,-1.87472367833103,0.95602430475879,-1.9609581775267,0.049883901812307,0.999917689640817
"Merged-chr12-71949822-1",1.80744244501335,-4.10142473824203,1.50417116582658,-2.72670081133232,0.00639710140654576,0.999917689640817
"Merged-chr12-98252552-7",1.92259959019715,3.07235238123781,1.53393125505146,2.00292703543272,0.0451851207381455,0.999917689640817
"Merged-chr12-99468213-62",15.1442143863954,0.791270536458015,0.39901403803292,1.98306440635237,0.0473602357894491,0.999917689640817
"Merged-chr12-99572243-31",4.50686564070811,1.92964307547485,0.982578916218012,1.96385556785823,0.0495468438189134,0.999917689640817
"Merged-chr13-110382291-1",1.56237558625349,3.68856845461108,1.70084511955562,2.16866804167025,0.0301078953408757,0.999917689640817
"Merged-chr13-30034755-10",1.68033896225023,-3.19934214643887,1.57504765216833,-2.03126689026482,0.0422279281588395,0.999917689640817
"Merged-chr13-32982935-23",4.268137032598,1.44715523057104,0.715657116216142,2.02213489921334,0.0431624174939229,0.999917689640817
"Merged-chr1-34479093-40",3.41845388278609,-1.78226412850762,0.903879134908981,-1.97179474519798,0.0486330424686259,0.999917689640817
"Merged-chr13-48979303-21",2.48863563368969,2.79949176843938,1.37769581606168,2.03201006768104,0.0421526367478412,0.999917689640817
"Merged-chr13-49428243-16",1.64521043986011,-2.99368120326989,1.52006264104623,-1.9694459441549,0.0489019042224607,0.999917689640817
"Merged-chr1-35652992-2",2.88382800444653,-2.06369617982743,0.866098816784793,-2.38274910418243,0.0171839014936645,0.999917689640817
"Merged-chr13-64309217-1",1.85623271786755,3.91951851301673,1.61049651388681,2.43373300048769,0.0149440138831416,0.999917689640817
"Merged-chr13-9179662-1",1.851607761546,-3.23567460276902,1.53403410591708,-2.10925858185837,0.0349222677779429,0.999917689640817
"Merged-chr1-40054035-12",2.11741749661124,2.67218349029104,1.33889239462535,1.99581646816268,0.0459539036001597,0.999917689640817
"Merged-chr14-121936476-1",2.46761297185633,-3.6944141318594,1.40991275486522,-2.62031400106922,0.00878488374303412,0.999917689640817
"Merged-chr14-45388121-2",3.74543604513052,-1.90999703507545,0.817662019987452,-2.33592485450744,0.0194951583334905,0.999917689640817
"Merged-chr14-54159750-3",2.52966264196599,3.94821435200736,1.37986950931214,2.86129545247763,0.00421913661148162,0.999917689640817
"Merged-chr14-56296322-5",10.7936119440097,-1.02057298666264,0.500588860091115,-2.03874490230741,0.0414754938214767,0.999917689640817
"Merged-chr14-62627525-13",2.32539977901846,-3.23777047436191,1.44927524204033,-2.23406181271936,0.0254790062027627,0.999917689640817
"Merged-chr14-78725467-2",2.69306360181561,-2.50569421696026,1.2036078963122,-2.08181935714911,0.0373589729599024,0.999917689640817
"Merged-chr15-102381845-3",1.58546973452193,-3.23564245491762,1.61113915062515,-2.00829484756926,0.0446119690930697,0.999917689640817
"Merged-chr15-102717579-4",2.08641605386811,3.57597126306779,1.43694746769411,2.48858872259694,0.0128251232501916,0.999917689640817
"Merged-chr15-31137508-23",1.8230153401585,-3.23567342202623,1.52092791145374,-2.12743378411241,0.0333840575933378,0.999917689640817
"Merged-chr15-31439622-1",2.28482494439655,-3.23567722665459,1.51059196877472,-2.14199287003964,0.0321940557826169,0.999917689640817
"Merged-chr15-5552774-9",2.26206193546322,2.20353468157088,1.06099350975718,2.07685971809119,0.037814508548256,0.999917689640817
"Merged-chr15-62240202-33",8.11388326441034,1.00897264979422,0.495444935025002,2.03649806157227,0.0417003675525167,0.999917689640817
"Merged-chr15-6523761-2",1.64120444636955,-3.9184121094962,1.7108855040516,-2.2902830728397,0.02200491242615,0.999917689640817
"Merged-chr15-66824845-11",8.51723837380505,-1.27498455034246,0.584908576515554,-2.17980142800754,0.0292721840501088,0.999917689640817
"Merged-chr15-79030827-43",4.36037706868137,-1.65955208451639,0.80869166787666,-2.05214440860234,0.0401556302067955,0.999917689640817
"Merged-chr15-84854909-1",1.99063077205119,-3.30269599866532,1.48310603865944,-2.22687785807317,0.0259554380326271,0.999917689640817
"Merged-chr15-85390141-30",3.96982786348834,1.3955379769349,0.652310082075559,2.13937821180763,0.0324050500676643,0.999917689640817
"Merged-chr15-93397510-3",6.8688717043375,1.29851203788156,0.649191255502807,2.00019952036453,0.0454787235998751,0.999917689640817
"Merged-chr15-99469293-1",1.84063837120528,3.16169936076027,1.53957006132762,2.05362486591474,0.0400120135581059,0.999917689640817
"Merged-chr16-10843592-1",2.23270038828576,2.98704481289322,1.38558145045249,2.15580600614836,0.0310988163028196,0.999917689640817
"Merged-chr16-24856288-3",1.59806353871663,-3.50531907597082,1.61314980992703,-2.17296561943579,0.0297829049936721,0.999917689640817
"Merged-chr16-43619426-5",1.39734548663304,-3.21224312029224,1.59232869621341,-2.01732414163673,0.0436616978630501,0.999917689640817
"Merged-chr16-43697975-3",7.09937226264419,1.28583631054191,0.554738926374668,2.31791253400065,0.0204540751143393,0.999917689640817
"Merged-chr16-49982447-38",4.52290685959935,2.13661633240544,0.970469793602238,2.20163094873323,0.0276913879423925,0.999917689640817
"Merged-chr16-72350554-25",4.57127863256338,-1.29196559216681,0.655960938337599,-1.9695770230481,0.0488868671253672,0.999917689640817
"Merged-chr16-75906489-4",4.30723272167653,3.69942701861525,1.27639583362087,2.8983383690001,0.00375145615470915,0.999917689640817
"Merged-chr16-84477262-1",3.60655889267328,2.09068038899242,0.915708593283929,2.2831285021524,0.0224228001011118,0.999917689640817
"Merged-chr16-84627265-6",2.75035685686134,2.05088462950744,0.865873919929668,2.36857189286175,0.0178569095178679,0.999917689640817
"Merged-chr16-92824027-3",2.82906240267665,2.77878053856612,1.37420593676453,2.02209906406645,0.0431661187019947,0.999917689640817
"Merged-chr16-93712695-1",2.13689590027359,3.23958037072714,1.40141528714648,2.31164908820389,0.0207970291491959,0.999917689640817
"Merged-chr16-94574629-2",2.0532033849185,-3.29779706349551,1.4101542131582,-2.33860738969089,0.019355762011552,0.999917689640817
"Merged-chr16-96767615-1",1.63503729639355,-3.38153403090622,1.70259011686644,-1.98611162922161,0.0470209302817284,0.999917689640817
"Merged-chr17-12692013-52",5.48505270245362,-1.74109641142394,0.785287210885628,-2.2171460165006,0.0266131151348411,0.999917689640817
"Merged-chr1-71576177-1",1.98402870469243,-3.74612941833951,1.4751501284019,-2.53949028387902,0.0111014128811094,0.999917689640817
"Merged-chr17-21451835-1",2.62572796742369,-2.92913582654677,1.48001452078296,-1.97912641086602,0.0478017755797387,0.999917689640817
"Merged-chr17-24162664-1",1.75557303972675,-3.19644052538833,1.56765520786358,-2.0389946139652,0.0414505651004508,0.999917689640817
"Merged-chr17-35700134-1",2.06166584261713,-3.97950127771003,1.45698521529646,-2.73132577869042,0.00630800827862282,0.999917689640817
"Merged-chr17-35997756-9",5.64668497430737,1.57105781657331,0.6823284615225,2.30249492021446,0.0213072775646498,0.999917689640817
"Merged-chr17-45703436-19",8.24177304563367,1.21494124884336,0.609268585811306,1.9940979678536,0.0461413492881381,0.999917689640817
"Merged-chr17-47922356-10",3.73291023471627,-2.2468414927729,0.886151822840529,-2.53550400152734,0.0112285645615451,0.999917689640817
"Merged-chr17-50132792-1",1.28305008257546,-4.2028858924695,1.8934842986127,-2.21965711336969,0.0264420521429559,0.999917689640817
"Merged-chr17-51763218-4",1.47550585186761,3.71446268261834,1.61998884633285,2.29289398567571,0.0218541091702854,0.999917689640817
"Merged-chr17-51812705-1",5.66176041537604,1.30960351429559,0.611891417979507,2.14025475078561,0.0323341846431894,0.999917689640817
"Merged-chr17-56010861-1",4.51036443141872,-1.74897067164184,0.746984109417784,-2.34137600732234,0.019212806578195,0.999917689640817
"Merged-chr17-56132020-2",2.63049071652345,2.3653795459377,1.20263192574835,1.96683581675734,0.0492021419274434,0.999917689640817
"Merged-chr17-63949103-2",1.49727159957193,-3.75512305387006,1.79536886989637,-2.09156074655946,0.0364778270241986,0.999917689640817
"Merged-chr17-80061553-1",8.84223191989221,-1.0288938553066,0.516261250788117,-1.99297129841898,0.0462645900424616,0.999917689640817
"Merged-chr17-85888819-19",4.35982224259059,1.92706717337984,0.639410414881779,3.01381886895936,0.00257981778530296,0.999917689640817
"Merged-chr17-88562481-1",1.42743928971936,-3.76082151696377,1.68401908683794,-2.23324162199694,0.0255330149307808,0.999917689640817
"Merged-chr18-31911303-2",10.6179096946072,1.13619702346827,0.459846215533567,2.47081955899087,0.013480381821964,0.999917689640817
"Merged-chr18-56472874-1",2.34625645409319,-3.74344840192422,1.44360453790794,-2.59312595910041,0.00951079306910677,0.999917689640817
"Merged-chr18-60752169-1",1.95073221495631,-2.98484636325638,1.45252063209915,-2.0549424891423,0.0398845598820139,0.999917689640817
"Merged-chr18-73765273-28",6.85788108385077,3.11229991669786,1.28707722891322,2.41811434992586,0.0156011732053808,0.999917689640817
"Merged-chr18-77063988-2",1.87330349050942,-3.18846593996635,1.55233815414779,-2.05397640420478,0.0399779755162172,0.999917689640817
"Merged-chr1-88249819-1",2.81920851336315,-2.1921580798393,1.06112538198171,-2.06588035406837,0.0388397783249924,0.999917689640817
"Merged-chr1-88269552-1",2.50900771855159,-3.11572590925885,1.39957110138729,-2.22620051683724,0.026000753369321,0.999917689640817
"Merged-chr19-10948684-1",3.58985394645023,3.3698421111377,1.31658514983016,2.55953221982825,0.0104813139458079,0.999917689640817
"Merged-chr1-91832191-16",2.32834791433798,2.0958568409088,1.06611302013798,1.96588616902694,0.0493117610772323,0.999917689640817
"Merged-chr19-18598032-2",4.20830921607167,1.45574291497628,0.716145088633343,2.03274858416518,0.042077930085277,0.999917689640817
"Merged-chr19-24526716-2",1.64624117436756,-3.52011010859793,1.55952698596598,-2.25716524322761,0.0239977513370759,0.999917689640817
"Merged-chr19-46528154-1",1.5245805868962,-3.66445853295293,1.79090810516761,-2.04614548472881,0.0407420590378775,0.999917689640817
"Merged-chr19-53389955-1",8.66812796690353,-1.19035457589669,0.542056521085746,-2.19599715083659,0.0280921473161396,0.999917689640817
"Merged-chr2-122719409-4",1.72148079572831,3.06749325832417,1.51939462775319,2.01889173641494,0.0434984733113688,0.999917689640817
"Merged-chr2-129182539-1",1.95429798824044,-3.27589648418245,1.56950082175614,-2.08722189805354,0.036868080907091,0.999917689640817
"Merged-chr2-131448367-26",3.58949517314859,1.93912513701462,0.898206607623695,2.1588854062706,0.0308590583379928,0.999917689640817
"Merged-chr2-150918832-31",5.81563323072969,1.21576957646357,0.582751155631861,2.08625854228525,0.0369552098553198,0.999917689640817
"Merged-chr2-167345442-1",2.09023211468576,-2.9609013155342,1.45988127114809,-2.0281795335354,0.0425419279448352,0.999917689640817
"Merged-chr2-170355131-22",1.9512566345978,3.10731023013653,1.41803243261791,2.19128290627312,0.0284313262688781,0.999917689640817
"Merged-chr2-17741101-1",2.56330606114168,-3.5087980257263,1.41555362789582,-2.47874609381068,0.0131845123771841,0.999917689640817
"Merged-chr2-179073000-1",1.57244959194894,-3.4953594625728,1.76527657905838,-1.9800633532663,0.0476964103583899,0.999917689640817
"Merged-chr2-18057424-6",3.82499357335778,-2.54619008367453,1.16737650489129,-2.18112157731977,0.0291744252851252,0.999917689640817
"Merged-chr2-25053906-1",1.72287252248945,-4.14354723082436,1.55952085806414,-2.65693607712808,0.00788543933281099,0.999917689640817
"Merged-chr2-29820454-25",2.08683830661262,-2.93510325394009,1.4085182154857,-2.08382342639991,0.0371762316128685,0.999917689640817
"Merged-chr2-30636576-21",1.68826940194975,-2.99089435820684,1.52352493686073,-1.96314105916091,0.0496297857771153,0.999917689640817
"Merged-chr2-32260787-1",2.40780455738096,-2.80723096259378,1.42784799433906,-1.96605729301964,0.0492919928764709,0.999917689640817
"Merged-chr2-59881585-6",2.88215588727177,-2.75516757049698,1.38040011080795,-1.99591955182066,0.0459426801543743,0.999917689640817
"Merged-chr2-60209353-2",9.67574280067535,0.959996403456169,0.477998579232707,2.00836664618789,0.0446043445096288,0.999917689640817
"Merged-chr2-71275399-1",2.47353273685327,3.10654935905249,1.46310904235528,2.12325210843591,0.0337327315329317,0.999917689640817
"Merged-chr2-71810145-53",7.08141259904951,-1.65922219700604,0.599304303202566,-2.7685804826354,0.00563010781484027,0.999917689640817
"Merged-chr2-91650615-1",1.3987951700249,-3.56976118993079,1.74854337250951,-2.04156284942905,0.0411949135932207,0.999917689640817
"Merged-chr3-102733167-19",2.03212865764423,3.10712223620136,1.4670952133954,2.11787361026851,0.0341857731110002,0.999917689640817
"Merged-chr3-109165436-34",8.29702811986358,1.08862906575789,0.482128082817398,2.25796651254227,0.0239477472859807,0.999917689640817
"Merged-chr3-137968633-1",2.247914800492,-3.19824282541414,1.55092878848295,-2.06214679175729,0.0391937626478223,0.999917689640817
"Merged-chr3-138420589-27",11.3206289324589,0.856115886847068,0.407107909357809,2.10292128246181,0.0354726511025412,0.999917689640817
"Merged-chr3-138893657-47",22.2430519213831,0.613957664562691,0.302243560930714,2.03133414214715,0.0422211101820971,0.999917689640817
"Merged-chr3-143936594-7",1.68924690423227,-3.2356583439264,1.57754502243538,-2.05107194907899,0.040259940563154,0.999917689640817
"Merged-chr3-159836403-2",1.51170036879579,-3.62827012207362,1.76253830201038,-2.05854824143973,0.0395375353905518,0.999917689640817
"Merged-chr3-28244555-21",3.92882822951925,-2.76797510971268,1.3441679296912,-2.05924799169147,0.03947048788043,0.999917689640817
"Merged-chr3-52460268-1",1.53980417868498,-3.47738371138424,1.60364412757405,-2.16842605637495,0.0301262849809304,0.999917689640817
"Merged-chr3-79177806-73",5.29067507976105,-1.41482568245968,0.711914509325978,-1.98735334639998,0.0468832538314028,0.999917689640817
"Merged-chr3-79178280-26",9.698261122583,-1.25759977609659,0.487887036729403,-2.57764540031034,0.00994760209694817,0.999917689640817
"Merged-chr3-81036856-27",2.99529955091588,-2.54257152842634,1.19788715775613,-2.12254677910485,0.0337918487690906,0.999917689640817
"Merged-chr3-81037312-2",1.36907862810219,-3.80651719273972,1.75327908363866,-2.17108458559825,0.0299247790150914,0.999917689640817
"Merged-chr3-81215630-1",1.25054154310744,-4.1084801109844,2.02994006191277,-2.02394158727675,0.0429761622801884,0.999917689640817
"Merged-chr3-84093112-19",8.42637143266622,2.80008886555954,1.3009502022532,2.1523413123038,0.0313704822984447,0.999917689640817
"Merged-chr3-85630133-19",6.46829571162587,0.887241341620808,0.427666017334295,2.0746126782556,0.0380224461330604,0.999917689640817
"Merged-chr3-86841762-14",2.98939023383641,3.89680446951358,1.29976879611918,2.99807510470214,0.00271690709892475,0.999917689640817
"Merged-chr3-87214590-12",2.27377333444662,2.50995011579693,1.23107881160375,2.03882163525109,0.041467832218949,0.999917689640817
"Merged-chr3-87215375-19",3.73708289952499,3.4973077522629,1.29124987554318,2.70846705854799,0.00675948220233917,0.999917689640817
"Merged-chr3-87383448-9",1.54979311671417,2.99208725955945,1.41996999745938,2.10714822490117,0.03510473323482,0.999917689640817
"Merged-chr3-87389051-8",1.4218870133692,-4.92670987193395,1.67289581952341,-2.94501893927711,0.00322934894635588,0.999917689640817
"Merged-chr3-87508394-38",3.64141667300809,-1.79470243729774,0.911223002889514,-1.96955348098839,0.0488895675353387,0.999917689640817
"Merged-chr3-87960988-36",3.75271007693644,-2.0694577627478,0.996273156254701,-2.07719915944291,0.0377831814274559,0.999917689640817
"Merged-chr3-90293737-1",2.14089355388928,-3.53893305062517,1.44230652422026,-2.4536622355906,0.0141409735595004,0.999917689640817
"Merged-chr4-114386612-1",1.14225542812681,-4.55734682377555,2.11066641970215,-2.15919805291575,0.0308348050622416,0.999917689640817
"Merged-chr4-116678042-15",2.28887585107127,3.07552336462169,1.46693050504207,2.09657059693737,0.0360316043943416,0.999917689640817
"Merged-chr4-121024111-11",1.77901471398788,-3.44515990672689,1.51494600628034,-2.27411398983507,0.0229591337718005,0.999917689640817
"Merged-chr4-129580574-37",5.05474296747671,1.44623450820063,0.674290472855242,2.144824176555,0.0319669074278375,0.999917689640817
"Merged-chr4-130107975-1",1.81218984140387,-3.23566832417238,1.54293832580496,-2.09708208685808,0.0359863094143136,0.999917689640817
"Merged-chr4-132922186-1",11.8498316945922,0.919567616578845,0.468278897229006,1.96371782290489,0.049562824544866,0.999917689640817
"Merged-chr4-133677483-20",5.43021203858971,2.77088091591366,1.40833465539049,1.96748756079242,0.0491270285971299,0.999917689640817
"Merged-chr4-134123927-1",1.85984918917828,3.41127052403192,1.5347216117942,2.22272918933089,0.0262340664055191,0.999917689640817
"Merged-chr4-145319470-38",11.5737529907659,0.877547135226202,0.380857616568954,2.30413439839222,0.0212151003283268,0.999917689640817
"Merged-chr4-155163456-1",2.03325560930783,-3.26949835863771,1.49121354250808,-2.1925084942152,0.0283428104336057,0.999917689640817
"Merged-chr4-33586851-1",6.3324245427648,2.24449451027538,0.85092905949893,2.63769874259207,0.00834706980767431,0.999917689640817
"Merged-chr4-63360079-1",1.54847206937831,-3.17366906173065,1.53342948585906,-2.06965438645696,0.0384847211082082,0.999917689640817
"Merged-chr4-63636346-15",5.83951748753071,1.6329319922224,0.671933778966933,2.43019780123714,0.0150905846398502,0.999917689640817
"Merged-chr5-101893655-1",1.57413193548026,-3.52224996380427,1.77606822499264,-1.98317266996817,0.0473481455530151,0.999917689640817
"Merged-chr5-113640444-1",2.47001395892526,-3.74158449681655,1.40655803169822,-2.66009962795428,0.00781175406049266,0.999917689640817
"Merged-chr5-113815307-2",1.87247934718332,-3.51537255087476,1.53070022690201,-2.2965780556455,0.0216428516747234,0.999917689640817
"Merged-chr5-129021499-1",1.71080786495441,-3.50848749788258,1.54797350737823,-2.26650358107538,0.0234205681470292,0.999917689640817
"Merged-chr5-134295794-17",2.51412023979298,3.07711486170597,1.43853080708194,2.13906775340313,0.0324301815442197,0.999917689640817
"Merged-chr5-137776373-1",1.92786720672166,-3.14633966097272,1.47284905047575,-2.13622683190543,0.0326609294097932,0.999917689640817
"Merged-chr5-139381144-2",1.8072517728475,-3.19836986070707,1.54980122586466,-2.06372908172314,0.0390434103873927,0.999917689640817
"Merged-chr5-142816579-1",2.27836096675635,-3.56032468019038,1.40852897719509,-2.52769004957237,0.0114815664075762,0.999917689640817
"Merged-chr5-146949733-1",1.90800606642993,-3.71960426069927,1.47158595657099,-2.52761603499295,0.0114839868631848,0.999917689640817
"Merged-chr5-150894547-1",1.25708179807332,-4.49727008835875,1.95033033635106,-2.30590172574193,0.021116124190607,0.999917689640817
"Merged-chr5-34187063-1",6.27931599075678,-1.20556806914225,0.562941986805449,-2.14154939123219,0.0322297599317614,0.999917689640817
"Merged-chr5-64040859-39",9.09384353723671,0.999853110606266,0.460086180288077,2.1731865755677,0.0297662777426729,0.999917689640817
"Merged-chr5-93097663-1",2.23886408045259,-3.306871155481,1.48937829948106,-2.22030303290521,0.0263982041963041,0.999917689640817
"Merged-chr5-96914978-9",2.66191457333542,3.57513710624493,1.41165646324563,2.53258296145586,0.0113225572890603,0.999917689640817
"Merged-chr6-108310107-36",14.1095824362554,1.55675175358782,0.579331713560499,2.68715093123459,0.00720643814703573,0.999917689640817
"Merged-chr6-117914672-1",4.37219149244906,3.38071469351851,1.36215369978895,2.48188930077592,0.0130687867955792,0.999917689640817
"Merged-chr6-118560175-2",2.11442168755499,2.81904251935504,1.28280904572447,2.19755428818557,0.0279808837746653,0.999917689640817
"Merged-chr6-124880169-32",5.44681888247395,5.70352887087979,1.24111047802655,4.59550456777127,4.31703335495201e-06,0.0516993524477869
"Merged-chr6-124881311-3",3.41960337820598,4.20090495432132,1.29475386352742,3.24455873248093,0.00117632756012096,0.999917689640817
"Merged-chr6-124881558-2",2.91779326521069,3.76127168038137,1.37289787340607,2.73965875629912,0.00615030038323136,0.999917689640817
"Merged-chr6-124883571-13",6.86429344966078,5.90149943089056,1.22582708081029,4.81430009442243,1.47716688368498e-06,0.0265350873150751
"Merged-chr6-124885690-101",26.3983168679567,2.15909241593798,0.350154277418936,6.16611749498857,6.99870893233783e-10,5.02885231624203e-05
"Merged-chr6-124886607-10",9.47441476621784,3.7730145394855,0.884618059483064,4.26513397396646,1.99782285225255e-05,0.205073661751078
"Merged-chr6-124886924-3",2.13703022303363,3.59308206742939,1.43885541554397,2.49718076508124,0.0125185124243568,0.999917689640817
"Merged-chr6-124887834-3",10.0709331789707,2.99742182709518,0.611199397565769,4.90416358234817,9.382627553959e-07,0.022472644008739
"Merged-chr6-124888226-36",11.1867212762612,2.81856878255844,0.609508398244019,4.62433133108366,3.75808741942277e-06,0.0516993524477869
"Merged-chr6-129181838-2",2.02454705827043,-3.13947059036389,1.43913855333382,-2.1814929376266,0.0291469762570032,0.999917689640817
"Merged-chr6-140314075-23",12.7491640002802,-0.96840304110949,0.436279888679865,-2.21968297470638,0.0264402953496594,0.999917689640817
"Merged-chr6-147546273-1",1.6331355850362,-3.57009275037867,1.7543578137296,-2.03498552144787,0.0418523298343642,0.999917689640817
"Merged-chr6-47453468-1",2.17036005081552,-2.59418985408808,1.28567738763266,-2.01776112657998,0.0436161452371287,0.999917689640817
"Merged-chr6-50110760-3",2.23675426121415,-3.25272337521247,1.40289829653638,-2.31857390036266,0.0204181516436849,0.999917689640817
"Merged-chr6-6217915-1",1.31354521709322,-3.81254193369959,1.78170721284283,-2.13982516668181,0.0323688985612226,0.999917689640817
"Merged-chr6-66471496-4",2.10560521565695,-3.92018044715873,1.46133077864098,-2.6826099227202,0.00730501405930215,0.999917689640817
"Merged-chr6-67483330-21",4.86933752204296,2.16191233924729,0.713020077832172,3.0320497366922,0.0024289917769275,0.999917689640817
"Merged-chr6-92183211-2",2.23009229088741,2.53223618211321,1.24132812198195,2.03994104159192,0.0413561983530853,0.999917689640817
"Merged-chr6-97924422-1",1.23021549945604,-3.88574651422569,1.84067778106375,-2.11104113615153,0.0347687762302573,0.999917689640817
"Merged-chr7-110123911-2",4.09585490744537,1.50675717824073,0.755267661515687,1.99499760815515,0.0460431407334061,0.999917689640817
"Merged-chr7-110230215-12",2.05330567248925,2.64604164704522,1.25581319228225,2.10703444055755,0.0351145943241395,0.999917689640817
"Merged-chr7-111847259-1",1.24415770332338,-4.31994948449232,2.03003385043862,-2.12801844834209,0.0333355540331667,0.999917689640817
"Merged-chr7-125501083-14",1.75774035748877,3.32452415889234,1.53386090289118,2.16742219103827,0.030202676712446,0.999917689640817
"Merged-chr7-132765248-56",11.0212529651843,0.734633981903028,0.371690914393352,1.97646472769464,0.0481021668390924,0.999917689640817
"Merged-chr7-133709817-1",2.1573708053082,-3.47956447826479,1.45815117112497,-2.38628514461933,0.0170195490793929,0.999917689640817
"Merged-chr7-24930465-1",1.23276961779617,-4.20979751777958,2.02480020517898,-2.07911748873389,0.0376065530308367,0.999917689640817
"Merged-chr7-35745412-12",3.00959273550032,1.35652123210053,0.689024885598394,1.96875506306632,0.0489812248353876,0.999917689640817
"Merged-chr7-45560985-2",1.74227832665059,-3.7510512071825,1.50156720568617,-2.49809079006117,0.0124864210064647,0.999917689640817
"Merged-chr7-80032517-2",1.86514975633368,-3.88748764718414,1.50989078543476,-2.57468135091954,0.0100332473235383,0.999917689640817
"Merged-chr7-83610125-16",2.73379591331008,-3.20968360001552,1.46437816417968,-2.1918406587369,0.0283910141385632,0.999917689640817
"Merged-chr7-89168111-1",1.39660569935682,-3.59076665734313,1.74154508980299,-2.06182813087506,0.0392241018290819,0.999917689640817
"Merged-chr7-90007418-46",9.20287494569126,1.19486810555925,0.531188650120824,2.24942326099675,0.0244855800630219,0.999917689640817
"Merged-chr7-90074700-23",3.59642811072802,-2.92305610953429,1.42841899359439,-2.04635763220908,0.0407211972818513,0.999917689640817
"Merged-chr7-98805003-10",2.76833744831609,3.38196668425076,1.40746254658427,2.40288218855867,0.0162664269571806,0.999917689640817
"Merged-chr7-99153917-1",2.29846634953933,3.11090917676519,1.49478613671373,2.08117342030244,0.037418035497131,0.999917689640817
"Merged-chr8-104435113-2",3.42482133821656,4.1249999069097,1.33386290700269,3.09252164165728,0.00198463762107476,0.999917689640817
"Merged-chr8-105788963-30",1.99655196079759,-3.23817750957311,1.47532857262095,-2.1948856476225,0.0281718016144868,0.999917689640817
"Merged-chr8-113656358-52",10.4930119521995,0.916766730728568,0.425768805074599,2.15320314640698,0.0313027165135138,0.999917689640817
"Merged-chr8-115230941-4",2.26870111531276,2.79934885973436,1.39324832026328,2.00922464360507,0.0445133153529571,0.999917689640817
"Merged-chr8-122557472-1",1.44644680492866,3.58064084534002,1.65868427187702,2.15872357750644,0.0308716184866801,0.999917689640817
"Merged-chr8-124265993-45",9.13297898523544,1.59449576691985,0.768330427495877,2.07527348892922,0.0379611950408011,0.999917689640817
"Merged-chr8-128622909-9",1.6144874111701,3.37017402605511,1.58813422006922,2.12209647236757,0.0338296375827685,0.999917689640817
"Merged-chr8-34810085-3",1.74924479039592,-4.31007327256405,1.48028450432338,-2.91165195607728,0.00359522986720429,0.999917689640817
"Merged-chr8-35674862-23",3.74747461291309,3.09317568577271,1.38467809421585,2.23385904542989,0.0254923490175132,0.999917689640817
"Merged-chr8-69995696-1",5.19954622827587,-2.15924779166982,0.859049871713516,-2.51353019512459,0.0119529545160763,0.999917689640817
"Merged-chr8-70351517-7",1.75277833370079,3.92242460621457,1.46737521882294,2.67308903401064,0.00751563004772308,0.999917689640817
"Merged-chr9-110653124-1",2.60834519426994,-2.5424380603116,1.21512755264551,-2.09232195811571,0.036409724741324,0.999917689640817
"Merged-chr9-13297449-3",1.8853332379286,-3.35954088230972,1.51447503856467,-2.21828739118322,0.0265352433377311,0.999917689640817
"Merged-chr9-44022020-1",1.80167526465695,-3.23565959218123,1.56976949771667,-2.06123229995723,0.0392808834224501,0.999917689640817
"Merged-chr9-45241570-21",2.05800234496651,-3.23801201527241,1.46440694870035,-2.21114220889632,0.0270259908352671,0.999917689640817
"Merged-chr9-58583464-18",6.12695970612319,2.96802706524202,1.29959031264327,2.28381747414328,0.0223822602728298,0.999917689640817
"Merged-chr9-63123828-1",4.15566032022721,-1.99870555279058,0.898441485135355,-2.22463631283619,0.0261056628445694,0.999917689640817
"Merged-chr9-77419048-1",1.24790863256895,-3.71919923846204,1.83777116324119,-2.02375535804069,0.0429953295801199,0.999917689640817
"Merged-chr9-85119194-1",2.24401114945999,-4.18925046267143,1.40534785472176,-2.98093489707631,0.00287369877712648,0.999917689640817
"Merged-chr9-86625059-9",7.83377916030173,1.28677984456193,0.587266281067026,2.19113524145116,0.0284420071468477,0.999917689640817
"Merged-chr9-96354104-1",1.99431936258422,-3.47981729819551,1.48759994668027,-2.33921579922148,0.0193242678173363,0.999917689640817
"Merged-chrX-135886375-1",4.63386327679701,-1.40236266294587,0.678033303389051,-2.06827991477168,0.0386137093276207,0.999917689640817
"Merged-chrX-170676786-1",1.5406290590451,-3.24794502498709,1.53486358681587,-2.11611315356375,0.0343351850456135,0.999917689640817
